key,ID,reference,start_candidat,end_candidat,depth,split_borders,filter,contig,feature,start_features,end_features,length,flanks,pos_on_contig,nbSameStartEnd,NoCan,
SEQUENCE1.modif|635|962,SEQUENCE1.modif|635|962,SEQUENCE1.modif,635,962,62,GT_AG,PASS,SEQUENCE1.modif,retained_intron,635.0,962.0,327.0,GT_AG,63.31006979062812,1,nan,#VALEUR !
SEQUENCE2.modif|941|1318,SEQUENCE2.modif|941|1318,SEQUENCE2.modif,941,1318,44,GT_AG,PASS,SEQUENCE2.modif,retained_intron,941.0,1318.0,377.0,GT_AG,76.31792376317924,1,nan,
SEQUENCE3.modif|102|587,SEQUENCE3.modif|102|587,SEQUENCE3.modif,102,587,3,CT_AC,PASS,SEQUENCE3.modif,retained_intron,102.0,587.0,485.0,CT_AC,37.22627737226277,1,nan,
SEQUENCE4.modif|1175|1643,SEQUENCE4.modif|1175|1643,SEQUENCE4.modif,1175,1643,31,GT_AG,PASS,SEQUENCE4.modif,retained_intron,1175.0,1643.0,468.0,GT_AG,86.46063281824871,1,nan,
SEQUENCE5.modif|25|660,SEQUENCE5.modif|25|660,SEQUENCE5.modif,25,660,12,CT_AC,PASS,SEQUENCE5.modif,retained_intron,25.0,660.0,635.0,CT_AC,3.4106412005457027,1,nan,
SEQUENCE6.modif|724|1228,SEQUENCE6.modif|724|1228,SEQUENCE6.modif,724,1228,46,CT_AC,PASS,SEQUENCE6.modif,retained_intron,724.0,1228.0,504.0,CT_AC,75.18172377985462,1,nan,
SEQUENCE14.modif|261|787,SEQUENCE14.modif|261|787,SEQUENCE14.modif,261,787,13,GT_AG,PASS,SEQUENCE14.modif,retained_intron,261.0,787.0,526.0,GT_AG,53.48360655737705,1,nan,
SEQUENCE15.modif|232|701,SEQUENCE15.modif|232|701,SEQUENCE15.modif,232,701,46,GT_AG,PASS,SEQUENCE15.modif,retained_intron,232.0,701.0,469.0,GT_AG,33.477633477633475,1,nan,
SEQUENCE18.modif|197|919,SEQUENCE18.modif|197|919,SEQUENCE18.modif,197,919,40,CT_AC,PASS,SEQUENCE18.modif,retained_intron,197.0,919.0,722.0,CT_AC,21.719955898566703,1,nan,
SEQUENCE19.modif|388|706,SEQUENCE19.modif|388|706,SEQUENCE19.modif,388,706,46,GT_AG,PASS,SEQUENCE19.modif,retained_intron,388.0,706.0,318.0,GT_AG,54.647887323943664,1,nan,
SEQUENCE20.modif|417|942,SEQUENCE20.modif|417|942,SEQUENCE20.modif,417,942,71,CT_AC,PASS,SEQUENCE20.modif,retained_intron,417.0,942.0,525.0,CT_AC,81.28654970760235,1,nan,
SEQUENCE21.modif|711|1217,SEQUENCE21.modif|711|1217,SEQUENCE21.modif,711,1217,57,CT_AC,PASS,SEQUENCE21.modif,retained_intron,711.0,1217.0,506.0,CT_AC,66.13953488372093,1,nan,
SEQUENCE22.modif|241|866,SEQUENCE22.modif|241|866,SEQUENCE22.modif,241,866,52,CT_AC,PASS,SEQUENCE22.modif,retained_intron,241.0,866.0,625.0,CT_AC,25.720384204909287,1,nan,
SEQUENCE23.modif|252|586,SEQUENCE23.modif|252|586,SEQUENCE23.modif,252,586,61,GT_AG,PASS,SEQUENCE23.modif,retained_intron,252.0,586.0,334.0,GT_AG,83.44370860927152,1,nan,
SEQUENCE27.modif|29|352,SEQUENCE27.modif|29|352,SEQUENCE27.modif,29,352,29,GT_AG,PASS,SEQUENCE27.modif,retained_intron,29.0,352.0,323.0,GT_AG,4.915254237288136,1,nan,
SEQUENCE28.modif|239|756,SEQUENCE28.modif|239|756,SEQUENCE28.modif,239,756,54,GT_AG,PASS,SEQUENCE28.modif,retained_intron,239.0,756.0,517.0,GT_AG,27.220956719817767,1,nan,
SEQUENCE35.modif|147|832,SEQUENCE35.modif|147|832,SEQUENCE35.modif,147,832,2,GT_AG,PASS,SEQUENCE35.modif,retained_intron,147.0,832.0,685.0,GT_AG,45.51083591331269,1,nan,
SEQUENCE36.modif|42|604,SEQUENCE36.modif|42|604,SEQUENCE36.modif,42,604,69,CT_AC,PASS,SEQUENCE36.modif,retained_intron,42.0,604.0,562.0,CT_AC,15.053763440860216,1,nan,
SEQUENCE37.modif|49|412,SEQUENCE37.modif|49|412,SEQUENCE37.modif,49,412,77,CT_AC,PASS,SEQUENCE37.modif,retained_intron,49.0,412.0,363.0,CT_AC,13.35149863760218,1,nan,
SEQUENCE39.modif|447|1059,SEQUENCE39.modif|447|1059,SEQUENCE39.modif,447,1059,47,GT_AG,PASS,SEQUENCE39.modif,retained_intron,447.0,1059.0,612.0,GT_AG,68.87519260400616,1,nan,
SEQUENCE40.modif|153|427,SEQUENCE40.modif|153|427,SEQUENCE40.modif,153,427,4,CT_AC,PASS,SEQUENCE40.modif,retained_intron,153.0,427.0,274.0,CT_AC,47.51552795031056,1,nan,
SEQUENCE41.modif|255|696,SEQUENCE41.modif|255|696,SEQUENCE41.modif,255,696,45,GT_AG,PASS,SEQUENCE41.modif,retained_intron,255.0,696.0,441.0,GT_AG,30.94660194174757,1,nan,
SEQUENCE42.modif|396|1120,SEQUENCE42.modif|396|1120,SEQUENCE42.modif,396,1120,54,GT_AG,PASS,SEQUENCE42.modif,retained_intron,396.0,1120.0,724.0,GT_AG,51.03092783505154,1,nan,
SEQUENCE44.modif|860|1181,SEQUENCE44.modif|860|1181,SEQUENCE44.modif,860,1181,22,GT_AG,PASS,SEQUENCE44.modif,retained_intron,860.0,1181.0,321.0,GT_AG,94.8180815876516,1,nan,
SEQUENCE48.modif|287|707,SEQUENCE48.modif|287|707,SEQUENCE48.modif,287,707,74,GT_AG,PASS,SEQUENCE48.modif,retained_intron,287.0,707.0,420.0,GT_AG,88.85448916408669,1,nan,
SEQUENCE50.modif|1047|1502,SEQUENCE50.modif|1047|1502,SEQUENCE50.modif,1047,1502,25,CT_AC,PASS,SEQUENCE50.modif,retained_intron,1047.0,1502.0,455.0,CT_AC,93.06666666666666,1,nan,
SEQUENCE53.modif|113|446,SEQUENCE53.modif|113|446,SEQUENCE53.modif,113,446,6,GT_AG,PASS,SEQUENCE53.modif,retained_intron,113.0,446.0,333.0,GT_AG,33.83233532934132,1,nan,
SEQUENCE54.modif|223|521,SEQUENCE54.modif|223|521,SEQUENCE54.modif,223,521,70,CT_AC,PASS,SEQUENCE54.modif,retained_intron,223.0,521.0,298.0,CT_AC,72.87581699346404,1,nan,
SEQUENCE58.modif|411|697,SEQUENCE58.modif|411|697,SEQUENCE58.modif,411,697,70,CT_AC,PASS,SEQUENCE58.modif,retained_intron,411.0,697.0,286.0,CT_AC,43.76996805111821,1,nan,
SEQUENCE63.modif|371|1056,SEQUENCE63.modif|371|1056,SEQUENCE63.modif,371,1056,47,CT_AC,PASS,SEQUENCE63.modif,retained_intron,371.0,1056.0,685.0,CT_AC,52.033660589060304,1,nan,
SEQUENCE64.modif|103|810,SEQUENCE64.modif|103|810,SEQUENCE64.modif,103,810,20,GT_AG,PASS,SEQUENCE64.modif,retained_intron,103.0,810.0,707.0,GT_AG,27.837837837837835,1,nan,
SEQUENCE67.modif|519|1262,SEQUENCE67.modif|519|1262,SEQUENCE67.modif,519,1262,66,GT_AG,PASS,SEQUENCE67.modif,retained_intron,519.0,1262.0,743.0,GT_AG,49.52290076335878,1,nan,
SEQUENCE68.modif|1038|1443,SEQUENCE68.modif|1038|1443,SEQUENCE68.modif,1038,1443,34,CT_AC,PASS,SEQUENCE68.modif,retained_intron,1038.0,1443.0,405.0,CT_AC,77.34724292101342,1,nan,
SEQUENCE71.modif|1158|1669,SEQUENCE71.modif|1158|1669,SEQUENCE71.modif,1158,1669,30,CT_AC,PASS,SEQUENCE71.modif,retained_intron,1158.0,1669.0,511.0,CT_AC,84.52554744525548,1,nan,
SEQUENCE72.modif|45|492,SEQUENCE72.modif|45|492,SEQUENCE72.modif,45,492,86,CT_AC,PASS,SEQUENCE72.modif,retained_intron,45.0,492.0,447.0,CT_AC,12.931034482758621,1,nan,
SEQUENCE73.modif|375|749,SEQUENCE73.modif|375|749,SEQUENCE73.modif,375,749,66,CT_AC,PASS,SEQUENCE73.modif,retained_intron,375.0,749.0,374.0,CT_AC,45.78754578754579,1,nan,
SEQUENCE77.modif|23|436,SEQUENCE77.modif|23|436,SEQUENCE77.modif,23,436,10,GT_AG,PASS,SEQUENCE77.modif,retained_intron,23.0,436.0,413.0,GT_AG,1.6690856313497822,1,nan,
SEQUENCE82.modif|90|547,SEQUENCE82.modif|90|547,SEQUENCE82.modif,90,547,60,GT_AG,PASS,SEQUENCE82.modif,retained_intron,90.0,547.0,457.0,GT_AG,25.71428571428571,1,nan,
SEQUENCE83.modif|590|1268,SEQUENCE83.modif|590|1268,SEQUENCE83.modif,590,1268,44,CT_AC,PASS,SEQUENCE83.modif,retained_intron,590.0,1268.0,678.0,CT_AC,70.32181168057211,1,nan,
SEQUENCE84.modif|763|1286,SEQUENCE84.modif|763|1286,SEQUENCE84.modif,763,1286,60,CT_AC,PASS,SEQUENCE84.modif,retained_intron,763.0,1286.0,523.0,CT_AC,60.84529505582137,1,nan,
SEQUENCE85.modif|304|733,SEQUENCE85.modif|304|733,SEQUENCE85.modif,304,733,24,GT_AG,PASS,SEQUENCE85.modif,retained_intron,304.0,733.0,429.0,GT_AG,53.427065026362044,1,nan,
SEQUENCE86.modif|20|652,SEQUENCE86.modif|20|652,SEQUENCE86.modif,20,652,9,GT_AG,PASS,SEQUENCE86.modif,retained_intron,20.0,652.0,632.0,GT_AG,3.2,1,nan,
SEQUENCE89.modif|1048|1736,SEQUENCE89.modif|1048|1736,SEQUENCE89.modif,1048,1736,49,CT_AC,PASS,SEQUENCE89.modif,retained_intron,1048.0,1736.0,688.0,CT_AC,72.07702888583218,1,nan,
SEQUENCE90.modif|143|875,SEQUENCE90.modif|143|875,SEQUENCE90.modif,143,875,38,GT_AG,PASS,SEQUENCE90.modif,retained_intron,143.0,875.0,732.0,GT_AG,15.959821428571427,1,nan,
SEQUENCE90.modif|149|882,SEQUENCE90.modif|149|882,SEQUENCE90.modif,149,882,1,CT_AC,DP,,,,,,,,nan,1,
SEQUENCE93.modif|260|934,SEQUENCE93.modif|260|934,SEQUENCE93.modif,260,934,36,CT_AC,PASS,SEQUENCE93.modif,retained_intron,260.0,934.0,674.0,CT_AC,17.796030116358658,1,nan,
SEQUENCE95.modif|183|592,SEQUENCE95.modif|183|592,SEQUENCE95.modif,183,592,47,CT_AC,PASS,SEQUENCE95.modif,retained_intron,183.0,592.0,409.0,CT_AC,65.82733812949641,1,nan,
SEQUENCE96.modif|935|1633,SEQUENCE96.modif|935|1633,SEQUENCE96.modif,935,1633,57,GT_AG,PASS,SEQUENCE96.modif,retained_intron,935.0,1633.0,698.0,GT_AG,64.30536451169189,1,nan,
SEQUENCE99.modif|46|735,SEQUENCE99.modif|46|735,SEQUENCE99.modif,46,735,71,CT_AC,PASS,SEQUENCE99.modif,retained_intron,46.0,735.0,689.0,CT_AC,15.333333333333332,1,nan,
SEQUENCE101.modif|860|1178,SEQUENCE101.modif|860|1178,SEQUENCE101.modif,860,1178,44,GT_AG,PASS,SEQUENCE101.modif,retained_intron,860.0,1178.0,318.0,GT_AG,68.0379746835443,1,nan,
SEQUENCE103.modif|664|1300,SEQUENCE103.modif|664|1300,SEQUENCE103.modif,664,1300,15,GT_AG,PASS,SEQUENCE103.modif,retained_intron,664.0,1300.0,636.0,GT_AG,96.37155297532655,1,nan,
SEQUENCE105.modif|156|780,SEQUENCE105.modif|156|780,SEQUENCE105.modif,156,780,2,CT_AC,PASS,SEQUENCE105.modif,retained_intron,156.0,780.0,624.0,CT_AC,59.31558935361216,1,nan,
SEQUENCE108.modif|402|738,SEQUENCE108.modif|402|738,SEQUENCE108.modif,402,738,31,GT_AG,PASS,SEQUENCE108.modif,retained_intron,402.0,738.0,336.0,GT_AG,66.33663366336634,1,nan,
SEQUENCE109.modif|298|580,SEQUENCE109.modif|298|580,SEQUENCE109.modif,298,580,36,CT_AC,PASS,SEQUENCE109.modif,retained_intron,298.0,580.0,282.0,CT_AC,20.04034969737727,1,nan,
SEQUENCE110.modif|381|945,SEQUENCE110.modif|381|945,SEQUENCE110.modif,381,945,71,CT_AC,PASS,SEQUENCE110.modif,retained_intron,381.0,945.0,564.0,CT_AC,36.77606177606177,1,nan,
SEQUENCE111.modif|820|1410,SEQUENCE111.modif|820|1410,SEQUENCE111.modif,820,1410,29,CT_AC,PASS,SEQUENCE111.modif,retained_intron,820.0,1410.0,590.0,CT_AC,79.68901846452867,1,nan,
SEQUENCE115.modif|309|559,SEQUENCE115.modif|309|559,SEQUENCE115.modif,309,559,49,CT_AC,PASS,SEQUENCE115.modif,retained_intron,309.0,559.0,250.0,CT_AC,32.94243070362473,1,nan,
SEQUENCE116.modif|96|350,SEQUENCE116.modif|96|350,SEQUENCE116.modif,96,350,44,GT_AG,PASS,SEQUENCE116.modif,retained_intron,96.0,350.0,254.0,GT_AG,7.68,1,nan,
SEQUENCE118.modif|86|588,SEQUENCE118.modif|86|588,SEQUENCE118.modif,86,588,57,CT_AC,PASS,SEQUENCE118.modif,retained_intron,86.0,588.0,502.0,CT_AC,30.28169014084507,1,nan,
SEQUENCE120.modif|182|628,SEQUENCE120.modif|182|628,SEQUENCE120.modif,182,628,40,CT_AC,PASS,SEQUENCE120.modif,retained_intron,182.0,628.0,446.0,CT_AC,12.63888888888889,1,nan,
SEQUENCE120.modif|1335|1697,SEQUENCE120.modif|1335|1697,SEQUENCE120.modif,1335,1697,1,CT_AC,DP,,,,,,,,nan,1,
SEQUENCE124.modif|198|527,SEQUENCE124.modif|198|527,SEQUENCE124.modif,198,527,31,GT_AG,PASS,SEQUENCE124.modif,retained_intron,198.0,527.0,329.0,GT_AG,34.61538461538461,1,nan,
SEQUENCE125.modif|457|1177,SEQUENCE125.modif|457|1177,SEQUENCE125.modif,457,1177,56,CT_AC,PASS,SEQUENCE125.modif,retained_intron,457.0,1177.0,720.0,CT_AC,45.791583166332664,1,nan,
SEQUENCE128.modif|656|937,SEQUENCE128.modif|656|937,SEQUENCE128.modif,656,937,58,CT_AC,PASS,SEQUENCE128.modif,retained_intron,656.0,937.0,281.0,CT_AC,61.5962441314554,1,nan,
SEQUENCE133.modif|79|400,SEQUENCE133.modif|79|400,SEQUENCE133.modif,79,400,86,GT_AG,PASS,SEQUENCE133.modif,retained_intron,79.0,400.0,321.0,GT_AG,15.674603174603174,1,nan,
SEQUENCE135.modif|606|879,SEQUENCE135.modif|606|879,SEQUENCE135.modif,606,879,40,GT_AG,PASS,SEQUENCE135.modif,retained_intron,606.0,879.0,273.0,GT_AG,67.40823136818688,1,nan,
SEQUENCE137.modif|479|1042,SEQUENCE137.modif|479|1042,SEQUENCE137.modif,479,1042,56,CT_AC,PASS,SEQUENCE137.modif,retained_intron,479.0,1042.0,563.0,CT_AC,58.91758917589176,1,nan,
SEQUENCE138.modif|71|368,SEQUENCE138.modif|71|368,SEQUENCE138.modif,71,368,30,CT_AC,PASS,SEQUENCE138.modif,retained_intron,71.0,368.0,297.0,CT_AC,4.92030492030492,1,nan,
SEQUENCE141.modif|762|1095,SEQUENCE141.modif|762|1095,SEQUENCE141.modif,762,1095,40,CT_AC,PASS,SEQUENCE141.modif,retained_intron,762.0,1095.0,333.0,CT_AC,72.09082308420058,1,nan,
SEQUENCE143.modif|128|445,SEQUENCE143.modif|128|445,SEQUENCE143.modif,128,445,71,GT_AG,PASS,SEQUENCE143.modif,retained_intron,128.0,445.0,317.0,GT_AG,19.51219512195122,1,nan,
SEQUENCE148.modif|47|391,SEQUENCE148.modif|47|391,SEQUENCE148.modif,47,391,23,GT_AG,PASS,SEQUENCE148.modif,retained_intron,47.0,391.0,344.0,GT_AG,6.135770234986945,1,nan,
SEQUENCE148.modif|773|972,SEQUENCE148.modif|773|972,SEQUENCE148.modif,773,972,1,CT_AC,DP,,,,,,,,nan,1,
SEQUENCE150.modif|13|276,SEQUENCE150.modif|13|276,SEQUENCE150.modif,13,276,81,CT_AC,PASS,SEQUENCE150.modif,retained_intron,13.0,276.0,263.0,CT_AC,3.91566265060241,1,nan,
SEQUENCE153.modif|13|304,SEQUENCE153.modif|13|304,SEQUENCE153.modif,13,304,68,GT_AG,PASS,SEQUENCE153.modif,retained_intron,13.0,304.0,291.0,GT_AG,4.421768707482993,1,nan,
SEQUENCE155.modif|133|585,SEQUENCE155.modif|133|585,SEQUENCE155.modif,133,585,32,CT_AC,PASS,SEQUENCE155.modif,retained_intron,133.0,585.0,452.0,CT_AC,10.366328916601715,1,nan,
SEQUENCE156.modif|155|893,SEQUENCE156.modif|155|893,SEQUENCE156.modif,155,893,47,GT_AG,PASS,SEQUENCE156.modif,retained_intron,155.0,893.0,738.0,GT_AG,20.611702127659576,1,nan,
SEQUENCE157.modif|31|529,SEQUENCE157.modif|31|529,SEQUENCE157.modif,31,529,83,GT_AG,PASS,SEQUENCE157.modif,retained_intron,31.0,529.0,498.0,GT_AG,8.469945355191257,1,nan,
SEQUENCE162.modif|209|467,SEQUENCE162.modif|209|467,SEQUENCE162.modif,209,467,21,GT_AG,PASS,SEQUENCE162.modif,retained_intron,209.0,467.0,258.0,GT_AG,40.34749034749035,1,nan,
SEQUENCE169.modif|1408|1577,SEQUENCE169.modif|1408|1577,SEQUENCE169.modif,1408,1577,1,GT_AG,DP,,,,,,,,nan,1,
SEQUENCE170.modif|328|830,SEQUENCE170.modif|328|830,SEQUENCE170.modif,328,830,96,GT_AG,PASS,SEQUENCE170.modif,retained_intron,328.0,830.0,502.0,GT_AG,89.13043478260869,1,nan,
SEQUENCE172.modif|1070|1366,SEQUENCE172.modif|1070|1366,SEQUENCE172.modif,1070,1366,39,GT_AG,PASS,SEQUENCE172.modif,retained_intron,1070.0,1366.0,296.0,GT_AG,74.98248072880168,1,nan,
SEQUENCE173.modif|84|420,SEQUENCE173.modif|84|420,SEQUENCE173.modif,84,420,30,CT_AC,PASS,SEQUENCE173.modif,retained_intron,84.0,420.0,336.0,CT_AC,7.902163687676388,1,nan,
SEQUENCE175.modif|280|672,SEQUENCE175.modif|280|672,SEQUENCE175.modif,280,672,38,GT_AG,PASS,SEQUENCE175.modif,retained_intron,280.0,672.0,392.0,GT_AG,26.76864244741874,1,nan,
SEQUENCE177.modif|211|528,SEQUENCE177.modif|211|528,SEQUENCE177.modif,211,528,47,CT_AC,PASS,SEQUENCE177.modif,retained_intron,211.0,528.0,317.0,CT_AC,27.29624838292367,1,nan,
SEQUENCE178.modif|262|973,SEQUENCE178.modif|262|973,SEQUENCE178.modif,262,973,38,CT_AC,PASS,SEQUENCE178.modif,retained_intron,262.0,973.0,711.0,CT_AC,30.643274853801174,1,nan,
SEQUENCE179.modif|1025|1597,SEQUENCE179.modif|1025|1597,SEQUENCE179.modif,1025,1597,30,GT_AG,PASS,SEQUENCE179.modif,retained_intron,1025.0,1597.0,572.0,GT_AG,87.30834752981261,1,nan,
SEQUENCE181.modif|433|914,SEQUENCE181.modif|433|914,SEQUENCE181.modif,433,914,52,CT_AC,PASS,SEQUENCE181.modif,retained_intron,433.0,914.0,481.0,CT_AC,38.38652482269504,1,nan,
SEQUENCE185.modif|982|1495,SEQUENCE185.modif|982|1495,SEQUENCE185.modif,982,1495,28,GT_AG,PASS,SEQUENCE185.modif,retained_intron,982.0,1495.0,513.0,GT_AG,88.1508078994614,1,nan,
SEQUENCE187.modif|745|1446,SEQUENCE187.modif|745|1446,SEQUENCE187.modif,745,1446,49,CT_AC,PASS,SEQUENCE187.modif,retained_intron,745.0,1446.0,701.0,CT_AC,74.9496981891348,1,nan,
SEQUENCE189.modif|71|661,SEQUENCE189.modif|71|661,SEQUENCE189.modif,71,661,14,CT_AC,PASS,SEQUENCE189.modif,retained_intron,71.0,661.0,590.0,CT_AC,5.35041446872645,1,nan,
SEQUENCE190.modif|879|1332,SEQUENCE190.modif|879|1332,SEQUENCE190.modif,879,1332,29,CT_AC,PASS,SEQUENCE190.modif,retained_intron,879.0,1332.0,453.0,CT_AC,87.46268656716418,1,nan,
SEQUENCE192.modif|49|385,SEQUENCE192.modif|49|385,SEQUENCE192.modif,49,385,11,GT_AG,PASS,SEQUENCE192.modif,retained_intron,49.0,385.0,336.0,GT_AG,3.2819825853985263,1,nan,
SEQUENCE195.modif|174|466,SEQUENCE195.modif|174|466,SEQUENCE195.modif,174,466,34,CT_AC,PASS,SEQUENCE195.modif,retained_intron,174.0,466.0,292.0,CT_AC,14.054927302100161,1,nan,
SEQUENCE196.modif|400|935,SEQUENCE196.modif|400|935,SEQUENCE196.modif,400,935,55,CT_AC,PASS,SEQUENCE196.modif,retained_intron,400.0,935.0,535.0,CT_AC,61.06870229007634,1,nan,
SEQUENCE197.modif|38|478,SEQUENCE197.modif|38|478,SEQUENCE197.modif,38,478,83,CT_AC,PASS,SEQUENCE197.modif,retained_intron,38.0,478.0,440.0,CT_AC,9.620253164556962,1,nan,
SEQUENCE198.modif|96|813,SEQUENCE198.modif|96|813,SEQUENCE198.modif,96,813,37,GT_AG,PASS,SEQUENCE198.modif,retained_intron,96.0,813.0,717.0,GT_AG,25.945945945945947,1,nan,
SEQUENCE201.modif|498|1081,SEQUENCE201.modif|498|1081,SEQUENCE201.modif,498,1081,54,GT_AG,PASS,SEQUENCE201.modif,retained_intron,498.0,1081.0,583.0,GT_AG,39.27444794952682,1,nan,
SEQUENCE202.modif|129|418,SEQUENCE202.modif|129|418,SEQUENCE202.modif,129,418,53,GT_AG,PASS,SEQUENCE202.modif,retained_intron,129.0,418.0,289.0,GT_AG,18.323863636363637,1,nan,
SEQUENCE204.modif|221|791,SEQUENCE204.modif|221|791,SEQUENCE204.modif,221,791,8,CT_AC,PASS,SEQUENCE204.modif,retained_intron,221.0,791.0,570.0,CT_AC,65.38461538461539,1,nan,
SEQUENCE205.modif|329|607,SEQUENCE205.modif|329|607,SEQUENCE205.modif,329,607,17,GT_AG,PASS,SEQUENCE205.modif,retained_intron,329.0,607.0,278.0,GT_AG,56.14334470989761,1,nan,
SEQUENCE207.modif|424|770,SEQUENCE207.modif|424|770,SEQUENCE207.modif,424,770,51,GT_AG,PASS,SEQUENCE207.modif,retained_intron,424.0,770.0,346.0,GT_AG,30.007077140835104,1,nan,
SEQUENCE209.modif|381|936,SEQUENCE209.modif|381|936,SEQUENCE209.modif,381,936,49,CT_AC,PASS,SEQUENCE209.modif,retained_intron,381.0,936.0,555.0,CT_AC,31.35802469135803,1,nan,
SEQUENCE210.modif|135|555,SEQUENCE210.modif|135|555,SEQUENCE210.modif,135,555,31,GT_AG,PASS,SEQUENCE210.modif,retained_intron,135.0,555.0,420.0,GT_AG,11.15702479338843,1,nan,
SEQUENCE210.modif|936|1101,SEQUENCE210.modif|936|1101,SEQUENCE210.modif,936,1101,1,CT_AC,DP,,,,,,,,nan,1,
SEQUENCE212.modif|1084|1809,SEQUENCE212.modif|1084|1809,SEQUENCE212.modif,1084,1809,49,GT_AG,PASS,SEQUENCE212.modif,retained_intron,1084.0,1809.0,725.0,GT_AG,74.65564738292011,1,nan,
SEQUENCE216.modif|187|629,SEQUENCE216.modif|187|629,SEQUENCE216.modif,187,629,30,GT_AG,PASS,SEQUENCE216.modif,retained_intron,187.0,629.0,442.0,GT_AG,36.38132295719844,1,nan,
SEQUENCE217|492|618,SEQUENCE217|492|618,SEQUENCE217,492,618,1,CT_AC,DP,,,,,,,,nan,1,
SEQUENCE219.modif|114|781,SEQUENCE219.modif|114|781,SEQUENCE219.modif,114,781,61,CT_AC,PASS,SEQUENCE219.modif,retained_intron,114.0,781.0,667.0,CT_AC,18.75,1,nan,
SEQUENCE220.modif|328|670,SEQUENCE220.modif|328|670,SEQUENCE220.modif,328,670,32,CT_AC,PASS,SEQUENCE220.modif,retained_intron,328.0,670.0,342.0,CT_AC,63.565891472868216,1,nan,
SEQUENCE221.modif|565|1037,SEQUENCE221.modif|565|1037,SEQUENCE221.modif,565,1037,48,CT_AC,PASS,SEQUENCE221.modif,retained_intron,565.0,1037.0,472.0,CT_AC,87.73291925465838,1,nan,
SEQUENCE222.modif|209|479,SEQUENCE222.modif|209|479,SEQUENCE222.modif,209,479,61,CT_AC,PASS,SEQUENCE222.modif,retained_intron,209.0,479.0,270.0,CT_AC,75.17985611510791,1,nan,
SEQUENCE223.modif|69|802,SEQUENCE223.modif|69|802,SEQUENCE223.modif,69,802,82,GT_AG,PASS,SEQUENCE223.modif,retained_intron,69.0,802.0,733.0,GT_AG,16.995073891625616,1,nan,
SEQUENCE224.modif|336|623,SEQUENCE224.modif|336|623,SEQUENCE224.modif,336,623,85,CT_AC,PASS,SEQUENCE224.modif,retained_intron,336.0,623.0,287.0,CT_AC,93.07479224376732,1,nan,
SEQUENCE226.modif|76|518,SEQUENCE226.modif|76|518,SEQUENCE226.modif,76,518,95,CT_AC,PASS,SEQUENCE226.modif,retained_intron,76.0,518.0,442.0,CT_AC,22.093023255813954,1,nan,
SEQUENCE230.modif|310|1004,SEQUENCE230.modif|310|1004,SEQUENCE230.modif,310,1004,43,GT_AG,PASS,SEQUENCE230.modif,retained_intron,310.0,1004.0,694.0,GT_AG,27.604630454140693,1,nan,
SEQUENCE233.modif|815|1496,SEQUENCE233.modif|815|1496,SEQUENCE233.modif,815,1496,33,CT_AC,PASS,SEQUENCE233.modif,retained_intron,815.0,1496.0,681.0,CT_AC,76.02611940298507,1,nan,
SEQUENCE234.modif|129|841,SEQUENCE234.modif|129|841,SEQUENCE234.modif,129,841,29,GT_AG,PASS,SEQUENCE234.modif,retained_intron,129.0,841.0,712.0,GT_AG,9.757942511346444,1,nan,
SEQUENCE235.modif|208|498,SEQUENCE235.modif|208|498,SEQUENCE235.modif,208,498,32,GT_AG,PASS,SEQUENCE235.modif,retained_intron,208.0,498.0,290.0,GT_AG,21.84873949579832,1,nan,
SEQUENCE236.modif|85|549,SEQUENCE236.modif|85|549,SEQUENCE236.modif,85,549,31,CT_AC,PASS,SEQUENCE236.modif,retained_intron,85.0,549.0,464.0,CT_AC,10.167464114832537,1,nan,
SEQUENCE237.modif|661|1155,SEQUENCE237.modif|661|1155,SEQUENCE237.modif,661,1155,36,CT_AC,PASS,SEQUENCE237.modif,retained_intron,661.0,1155.0,494.0,CT_AC,73.85474860335196,1,nan,
SEQUENCE238.modif|178|663,SEQUENCE238.modif|178|663,SEQUENCE238.modif,178,663,38,GT_AG,PASS,SEQUENCE238.modif,retained_intron,178.0,663.0,485.0,GT_AG,32.42258652094718,1,nan,
SEQUENCE239.modif|60|416,SEQUENCE239.modif|60|416,SEQUENCE239.modif,60,416,42,CT_AC,PASS,SEQUENCE239.modif,retained_intron,60.0,416.0,356.0,CT_AC,8.75912408759124,1,nan,
SEQUENCE240.modif|273|634,SEQUENCE240.modif|273|634,SEQUENCE240.modif,273,634,45,CT_AC,PASS,SEQUENCE240.modif,retained_intron,273.0,634.0,361.0,CT_AC,29.166666666666668,1,nan,
SEQUENCE241.modif|1316|1783,SEQUENCE241.modif|1316|1783,SEQUENCE241.modif,1316,1783,25,GT_AG,PASS,SEQUENCE241.modif,retained_intron,1316.0,1783.0,467.0,GT_AG,93.86590584878745,1,nan,
SEQUENCE242.modif|465|869,SEQUENCE242.modif|465|869,SEQUENCE242.modif,465,869,55,GT_AG,PASS,SEQUENCE242.modif,retained_intron,465.0,869.0,404.0,GT_AG,92.62948207171314,1,nan,
SEQUENCE244.modif|746|1480,SEQUENCE244.modif|746|1480,SEQUENCE244.modif,746,1480,48,GT_AG,PASS,SEQUENCE244.modif,retained_intron,746.0,1480.0,734.0,GT_AG,56.600910470409715,1,nan,
SEQUENCE245.modif|88|643,SEQUENCE245.modif|88|643,SEQUENCE245.modif,88,643,90,GT_AG,PASS,SEQUENCE245.modif,retained_intron,88.0,643.0,555.0,GT_AG,18.763326226012794,1,nan,
SEQUENCE246.modif|324|628,SEQUENCE246.modif|324|628,SEQUENCE246.modif,324,628,38,CT_AC,PASS,SEQUENCE246.modif,retained_intron,324.0,628.0,304.0,CT_AC,76.77725118483413,1,nan,
SEQUENCE250.modif|636|995,SEQUENCE250.modif|636|995,SEQUENCE250.modif,636,995,51,CT_AC,PASS,SEQUENCE250.modif,retained_intron,636.0,995.0,359.0,CT_AC,62.97029702970297,1,nan,
SEQUENCE251.modif|283|704,SEQUENCE251.modif|283|704,SEQUENCE251.modif,283,704,47,GT_AG,PASS,SEQUENCE251.modif,retained_intron,283.0,704.0,421.0,GT_AG,35.024752475247524,1,nan,
SEQUENCE259.modif|580|1082,SEQUENCE259.modif|580|1082,SEQUENCE259.modif,580,1082,19,CT_AC,PASS,SEQUENCE259.modif,retained_intron,580.0,1082.0,502.0,CT_AC,95.55189456342669,1,nan,
SEQUENCE262.modif|91|730,SEQUENCE262.modif|91|730,SEQUENCE262.modif,91,730,86,CT_AC,PASS,SEQUENCE262.modif,retained_intron,91.0,730.0,639.0,CT_AC,14.772727272727273,1,nan,
SEQUENCE268.modif|299|631,SEQUENCE268.modif|299|631,SEQUENCE268.modif,299,631,59,CT_AC,PASS,SEQUENCE268.modif,retained_intron,299.0,631.0,332.0,CT_AC,27.231329690346083,1,nan,
SEQUENCE268.modif|563|668,SEQUENCE268.modif|563|668,SEQUENCE268.modif,563,668,1,CT_AC,DP,,,,,,,,nan,1,
SEQUENCE269.modif|181|502,SEQUENCE269.modif|181|502,SEQUENCE269.modif,181,502,72,CT_AC,PASS,SEQUENCE269.modif,retained_intron,181.0,502.0,321.0,CT_AC,72.39999999999999,1,nan,
SEQUENCE270.modif|371|708,SEQUENCE270.modif|371|708,SEQUENCE270.modif,371,708,65,GT_AG,PASS,SEQUENCE270.modif,retained_intron,371.0,708.0,337.0,GT_AG,95.61855670103093,1,nan,
SEQUENCE271.modif|212|529,SEQUENCE271.modif|212|529,SEQUENCE271.modif,212,529,71,CT_AC,PASS,SEQUENCE271.modif,retained_intron,212.0,529.0,317.0,CT_AC,78.81040892193309,1,nan,
SEQUENCE274.modif|178|661,SEQUENCE274.modif|178|661,SEQUENCE274.modif,178,661,46,GT_AG,PASS,SEQUENCE274.modif,retained_intron,178.0,661.0,483.0,GT_AG,23.76502002670227,1,nan,
SEQUENCE275.modif|43|340,SEQUENCE275.modif|43|340,SEQUENCE275.modif,43,340,83,GT_AG,PASS,SEQUENCE275.modif,retained_intron,43.0,340.0,297.0,GT_AG,11.944444444444445,1,nan,
SEQUENCE277.modif|72|813,SEQUENCE277.modif|72|813,SEQUENCE277.modif,72,813,24,GT_AG,PASS,SEQUENCE277.modif,retained_intron,72.0,813.0,741.0,GT_AG,6.293706293706294,1,nan,
SEQUENCE279.modif|188|689,SEQUENCE279.modif|188|689,SEQUENCE279.modif,188,689,32,CT_AC,PASS,SEQUENCE279.modif,retained_intron,188.0,689.0,501.0,CT_AC,17.752596789423986,1,nan,
SEQUENCE280.modif|596|1223,SEQUENCE280.modif|596|1223,SEQUENCE280.modif,596,1223,47,CT_AC,PASS,SEQUENCE280.modif,retained_intron,596.0,1223.0,627.0,CT_AC,81.86813186813187,1,nan,
SEQUENCE283.modif|92|368,SEQUENCE283.modif|92|368,SEQUENCE283.modif,92,368,36,GT_AG,PASS,SEQUENCE283.modif,retained_intron,92.0,368.0,276.0,GT_AG,9.967497291440953,1,nan,
SEQUENCE284.modif|43|307,SEQUENCE284.modif|43|307,SEQUENCE284.modif,43,307,72,CT_AC,PASS,SEQUENCE284.modif,retained_intron,43.0,307.0,264.0,CT_AC,13.826366559485532,1,nan,
SEQUENCE285.modif|136|805,SEQUENCE285.modif|136|805,SEQUENCE285.modif,136,805,3,GT_AG,PASS,SEQUENCE285.modif,retained_intron,136.0,805.0,669.0,GT_AG,53.333333333333336,1,nan,
SEQUENCE288.modif|187|732,SEQUENCE288.modif|187|732,SEQUENCE288.modif,187,732,43,GT_AG,PASS,SEQUENCE288.modif,retained_intron,187.0,732.0,545.0,GT_AG,21.25,1,nan,
SEQUENCE290.modif|363|700,SEQUENCE290.modif|363|700,SEQUENCE290.modif,363,700,45,GT_AG,PASS,SEQUENCE290.modif,retained_intron,363.0,700.0,337.0,GT_AG,36.11940298507463,1,nan,
SEQUENCE291.modif|325|718,SEQUENCE291.modif|325|718,SEQUENCE291.modif,325,718,44,CT_AC,PASS,SEQUENCE291.modif,retained_intron,325.0,718.0,393.0,CT_AC,33.36755646817248,1,nan,
SEQUENCE292.modif|1014|1332,SEQUENCE292.modif|1014|1332,SEQUENCE292.modif,1014,1332,43,CT_AC,PASS,SEQUENCE292.modif,retained_intron,1014.0,1332.0,318.0,CT_AC,72.53218884120172,1,nan,
SEQUENCE293.modif|139|754,SEQUENCE293.modif|139|754,SEQUENCE293.modif,139,754,4,GT_AG,PASS,SEQUENCE293.modif,retained_intron,139.0,754.0,615.0,GT_AG,38.29201101928375,1,nan,
SEQUENCE294.modif|619|1022,SEQUENCE294.modif|619|1022,SEQUENCE294.modif,619,1022,53,GT_AG,PASS,SEQUENCE294.modif,retained_intron,619.0,1022.0,403.0,GT_AG,44.4683908045977,1,nan,
SEQUENCE296.modif|533|838,SEQUENCE296.modif|533|838,SEQUENCE296.modif,533,838,48,CT_AC,PASS,SEQUENCE296.modif,retained_intron,533.0,838.0,305.0,CT_AC,91.26712328767124,1,nan,
SEQUENCE297.modif|467|964,SEQUENCE297.modif|467|964,SEQUENCE297.modif,467,964,42,GT_AG,PASS,SEQUENCE297.modif,retained_intron,467.0,964.0,497.0,GT_AG,60.18041237113402,1,nan,
SEQUENCE299.modif|74|678,SEQUENCE299.modif|74|678,SEQUENCE299.modif,74,678,27,GT_AG,PASS,SEQUENCE299.modif,retained_intron,74.0,678.0,604.0,GT_AG,6.218487394957983,1,nan,
SEQUENCE300.modif|298|677,SEQUENCE300.modif|298|677,SEQUENCE300.modif,298,677,40,CT_AC,PASS,SEQUENCE300.modif,retained_intron,298.0,677.0,379.0,CT_AC,20.82459818308875,1,nan,
SEQUENCE305.modif|246|841,SEQUENCE305.modif|246|841,SEQUENCE305.modif,246,841,29,GT_AG,PASS,SEQUENCE305.modif,retained_intron,246.0,841.0,595.0,GT_AG,21.188630490956072,1,nan,
SEQUENCE306.modif|1057|1652,SEQUENCE306.modif|1057|1652,SEQUENCE306.modif,1057,1652,37,GT_AG,PASS,SEQUENCE306.modif,retained_intron,1057.0,1652.0,595.0,GT_AG,71.51556156968877,1,nan,
SEQUENCE308.modif|653|1285,SEQUENCE308.modif|653|1285,SEQUENCE308.modif,653,1285,44,CT_AC,PASS,SEQUENCE308.modif,retained_intron,653.0,1285.0,632.0,CT_AC,84.04118404118404,1,nan,
SEQUENCE310.modif|180|663,SEQUENCE310.modif|180|663,SEQUENCE310.modif,180,663,50,CT_AC,PASS,SEQUENCE310.modif,retained_intron,180.0,663.0,483.0,CT_AC,27.993779160186627,1,nan,
SEQUENCE311.modif|853|1329,SEQUENCE311.modif|853|1329,SEQUENCE311.modif,853,1329,54,CT_AC,PASS,SEQUENCE311.modif,retained_intron,853.0,1329.0,476.0,CT_AC,74.1094700260643,1,nan,
SEQUENCE314.modif|1178|1555,SEQUENCE314.modif|1178|1555,SEQUENCE314.modif,1178,1555,6,GT_AG,PASS,SEQUENCE314.modif,retained_intron,1178.0,1555.0,377.0,GT_AG,97.92186201163757,1,nan,
SEQUENCE317.modif|92|394,SEQUENCE317.modif|92|394,SEQUENCE317.modif,92,394,34,CT_AC,PASS,SEQUENCE317.modif,retained_intron,92.0,394.0,302.0,CT_AC,7.816482582837724,1,nan,
SEQUENCE318|219|596,SEQUENCE318|219|596,SEQUENCE318,219,596,1,CT_AC,DP,,,,,,,,nan,1,
SEQUENCE319.modif|331|635,SEQUENCE319.modif|331|635,SEQUENCE319.modif,331,635,1,GT_AG,DP,,,,,,,,nan,1,
SEQUENCE319.modif|339|642,SEQUENCE319.modif|339|642,SEQUENCE319.modif,339,642,47,CT_AC,PASS,SEQUENCE319.modif,retained_intron,339.0,642.0,303.0,CT_AC,24.565217391304348,1,nan,
SEQUENCE321.modif|289|817,SEQUENCE321.modif|289|817,SEQUENCE321.modif,289,817,44,CT_AC,PASS,SEQUENCE321.modif,retained_intron,289.0,817.0,528.0,CT_AC,20.25227750525578,1,nan,
SEQUENCE324.modif|168|516,SEQUENCE324.modif|168|516,SEQUENCE324.modif,168,516,2,GT_AG,PASS,SEQUENCE324.modif,retained_intron,168.0,516.0,348.0,GT_AG,48.837209302325576,1,nan,
SEQUENCE325.modif|269|934,SEQUENCE325.modif|269|934,SEQUENCE325.modif,269,934,39,CT_AC,PASS,SEQUENCE325.modif,retained_intron,269.0,934.0,665.0,CT_AC,31.24274099883856,1,nan,
SEQUENCE328.modif|1227|1714,SEQUENCE328.modif|1227|1714,SEQUENCE328.modif,1227,1714,38,CT_AC,PASS,SEQUENCE328.modif,retained_intron,1227.0,1714.0,487.0,CT_AC,87.70550393137955,1,nan,
SEQUENCE329.modif|363|746,SEQUENCE329.modif|363|746,SEQUENCE329.modif,363,746,48,GT_AG,PASS,SEQUENCE329.modif,retained_intron,363.0,746.0,383.0,GT_AG,26.190476190476193,1,nan,
SEQUENCE330.modif|257|853,SEQUENCE330.modif|257|853,SEQUENCE330.modif,257,853,1,CT_AC,DP,,,,,,,,nan,1,
SEQUENCE330.modif|483|761,SEQUENCE330.modif|483|761,SEQUENCE330.modif,483,761,66,CT_AC,PASS,SEQUENCE330.modif,retained_intron,483.0,761.0,278.0,CT_AC,34.15841584158416,1,nan,
SEQUENCE332.modif|43|755,SEQUENCE332.modif|43|755,SEQUENCE332.modif,43,755,63,GT_AG,PASS,SEQUENCE332.modif,retained_intron,43.0,755.0,712.0,GT_AG,10.886075949367088,1,nan,
SEQUENCE333.modif|34|309,SEQUENCE333.modif|34|309,SEQUENCE333.modif,34,309,50,GT_AG,PASS,SEQUENCE333.modif,retained_intron,34.0,309.0,275.0,GT_AG,6.772908366533864,1,nan,
SEQUENCE334.modif|476|1081,SEQUENCE334.modif|476|1081,SEQUENCE334.modif,476,1081,52,GT_AG,PASS,SEQUENCE334.modif,retained_intron,476.0,1081.0,605.0,GT_AG,95.58232931726907,1,nan,
SEQUENCE335.modif|1190|1520,SEQUENCE335.modif|1190|1520,SEQUENCE335.modif,1190,1520,36,CT_AC,PASS,SEQUENCE335.modif,retained_intron,1190.0,1520.0,330.0,CT_AC,86.10709117221418,1,nan,
SEQUENCE338.modif|206|644,SEQUENCE338.modif|206|644,SEQUENCE338.modif,206,644,29,CT_AC,PASS,SEQUENCE338.modif,retained_intron,206.0,644.0,438.0,CT_AC,17.310924369747898,1,nan,
SEQUENCE339.modif|1061|1464,SEQUENCE339.modif|1061|1464,SEQUENCE339.modif,1061,1464,44,GT_AG,PASS,SEQUENCE339.modif,retained_intron,1061.0,1464.0,403.0,GT_AG,82.43978243978243,1,nan,
SEQUENCE340.modif|467|780,SEQUENCE340.modif|467|780,SEQUENCE340.modif,467,780,52,GT_AG,PASS,SEQUENCE340.modif,retained_intron,467.0,780.0,313.0,GT_AG,40.32815198618307,1,nan,
SEQUENCE343.modif|1372|1661,SEQUENCE343.modif|1372|1661,SEQUENCE343.modif,1372,1661,6,CT_AC,PASS,SEQUENCE343.modif,retained_intron,1372.0,1661.0,289.0,CT_AC,98.07005003573981,1,nan,
SEQUENCE344.modif|1007|1693,SEQUENCE344.modif|1007|1693,SEQUENCE344.modif,1007,1693,11,CT_AC,PASS,SEQUENCE344.modif,retained_intron,1007.0,1693.0,686.0,CT_AC,97.01348747591521,1,nan,
SEQUENCE346.modif|1054|1408,SEQUENCE346.modif|1054|1408,SEQUENCE346.modif,1054,1408,22,CT_AC,PASS,SEQUENCE346.modif,retained_intron,1054.0,1408.0,354.0,CT_AC,92.37510955302366,1,nan,
SEQUENCE348.modif|489|899,SEQUENCE348.modif|489|899,SEQUENCE348.modif,489,899,48,GT_AG,PASS,SEQUENCE348.modif,retained_intron,489.0,899.0,410.0,GT_AG,57.801418439716315,1,nan,
SEQUENCE350.modif|791|1525,SEQUENCE350.modif|791|1525,SEQUENCE350.modif,791,1525,68,GT_AG,PASS,SEQUENCE350.modif,retained_intron,791.0,1525.0,734.0,GT_AG,60.84615384615385,1,nan,
SEQUENCE351.modif|222|601,SEQUENCE351.modif|222|601,SEQUENCE351.modif,222,601,34,CT_AC,PASS,SEQUENCE351.modif,retained_intron,222.0,601.0,379.0,CT_AC,20.23701002734731,1,nan,
SEQUENCE356.modif|432|707,SEQUENCE356.modif|432|707,SEQUENCE356.modif,432,707,61,GT_AG,PASS,SEQUENCE356.modif,retained_intron,432.0,707.0,275.0,GT_AG,37.96133567662566,1,nan,
SEQUENCE358.modif|783|1270,SEQUENCE358.modif|783|1270,SEQUENCE358.modif,783,1270,48,GT_AG,PASS,SEQUENCE358.modif,retained_intron,783.0,1270.0,487.0,GT_AG,73.38331771321462,1,nan,
SEQUENCE360.modif|243|984,SEQUENCE360.modif|243|984,SEQUENCE360.modif,243,984,75,GT_AG,PASS,SEQUENCE360.modif,retained_intron,243.0,984.0,741.0,GT_AG,77.38853503184714,1,nan,
SEQUENCE362.modif|69|813,SEQUENCE362.modif|69|813,SEQUENCE362.modif,69,813,87,GT_AG,PASS,SEQUENCE362.modif,retained_intron,69.0,813.0,744.0,GT_AG,16.046511627906977,1,nan,
SEQUENCE363.modif|690|993,SEQUENCE363.modif|690|993,SEQUENCE363.modif,690,993,51,CT_AC,PASS,SEQUENCE363.modif,retained_intron,690.0,993.0,303.0,CT_AC,70.33639143730886,1,nan,
SEQUENCE366.modif|122|676,SEQUENCE366.modif|122|676,SEQUENCE366.modif,122,676,9,CT_AC,PASS,SEQUENCE366.modif,retained_intron,122.0,676.0,554.0,CT_AC,37.65432098765432,1,nan,
SEQUENCE367.modif|236|518,SEQUENCE367.modif|236|518,SEQUENCE367.modif,236,518,10,CT_AC,PASS,SEQUENCE367.modif,retained_intron,236.0,518.0,282.0,CT_AC,67.04545454545455,1,nan,
SEQUENCE369.modif|27|606,SEQUENCE369.modif|27|606,SEQUENCE369.modif,27,606,71,CT_AC,PASS,SEQUENCE369.modif,retained_intron,27.0,606.0,579.0,CT_AC,8.598726114649681,1,nan,
SEQUENCE371.modif|528|873,SEQUENCE371.modif|528|873,SEQUENCE371.modif,528,873,60,CT_AC,PASS,SEQUENCE371.modif,retained_intron,528.0,873.0,345.0,CT_AC,37.1047083626142,1,nan,
SEQUENCE372.modif|343|1034,SEQUENCE372.modif|343|1034,SEQUENCE372.modif,343,1034,33,GT_AG,PASS,SEQUENCE372.modif,retained_intron,343.0,1034.0,691.0,GT_AG,71.75732217573221,1,nan,
SEQUENCE375.modif|350|1046,SEQUENCE375.modif|350|1046,SEQUENCE375.modif,350,1046,49,GT_AG,PASS,SEQUENCE375.modif,retained_intron,350.0,1046.0,696.0,GT_AG,28.294260307194826,1,nan,
SEQUENCE377.modif|402|990,SEQUENCE377.modif|402|990,SEQUENCE377.modif,402,990,1,CT_AC,DP,,,,,,,,nan,1,
SEQUENCE377.modif|410|999,SEQUENCE377.modif|410|999,SEQUENCE377.modif,410,999,41,GT_AG,PASS,SEQUENCE377.modif,retained_intron,410.0,999.0,589.0,GT_AG,68.90756302521008,1,nan,
SEQUENCE379.modif|555|1213,SEQUENCE379.modif|555|1213,SEQUENCE379.modif,555,1213,54,CT_AC,PASS,SEQUENCE379.modif,retained_intron,555.0,1213.0,658.0,CT_AC,73.8031914893617,1,nan,
SEQUENCE380.modif|94|448,SEQUENCE380.modif|94|448,SEQUENCE380.modif,94,448,55,GT_AG,PASS,SEQUENCE380.modif,retained_intron,94.0,448.0,354.0,GT_AG,14.135338345864662,1,nan,
SEQUENCE385.modif|1008|1436,SEQUENCE385.modif|1008|1436,SEQUENCE385.modif,1008,1436,33,GT_AG,PASS,SEQUENCE385.modif,retained_intron,1008.0,1436.0,428.0,GT_AG,87.65217391304347,1,nan,
SEQUENCE386.modif|6|355,SEQUENCE386.modif|6|355,SEQUENCE386.modif,6,355,10,GT_AG,PASS,SEQUENCE386.modif,retained_intron,6.0,355.0,349.0,GT_AG,1.0507880910683012,1,nan,
SEQUENCE389.modif|524|1126,SEQUENCE389.modif|524|1126,SEQUENCE389.modif,524,1126,32,GT_AG,PASS,SEQUENCE389.modif,retained_intron,524.0,1126.0,602.0,GT_AG,70.14725568942436,1,nan,
SEQUENCE390.modif|286|829,SEQUENCE390.modif|286|829,SEQUENCE390.modif,286,829,39,GT_AG,PASS,SEQUENCE390.modif,retained_intron,286.0,829.0,543.0,GT_AG,30.105263157894736,1,nan,
SEQUENCE392.modif|79|540,SEQUENCE392.modif|79|540,SEQUENCE392.modif,79,540,51,CT_AC,PASS,SEQUENCE392.modif,retained_intron,79.0,540.0,461.0,CT_AC,11.72106824925816,1,nan,
SEQUENCE394.modif|604|901,SEQUENCE394.modif|604|901,SEQUENCE394.modif,604,901,41,CT_AC,PASS,SEQUENCE394.modif,retained_intron,604.0,901.0,297.0,CT_AC,75.78419071518194,1,nan,
SEQUENCE396.modif|266|954,SEQUENCE396.modif|266|954,SEQUENCE396.modif,266,954,51,CT_AC,PASS,SEQUENCE396.modif,retained_intron,266.0,954.0,688.0,CT_AC,37.41209563994374,1,nan,
SEQUENCE398.modif|44|350,SEQUENCE398.modif|44|350,SEQUENCE398.modif,44,350,90,CT_AC,PASS,SEQUENCE398.modif,retained_intron,44.0,350.0,306.0,CT_AC,10.576923076923077,1,nan,
SEQUENCE400.modif|108|702,SEQUENCE400.modif|108|702,SEQUENCE400.modif,108,702,68,GT_AG,PASS,SEQUENCE400.modif,retained_intron,108.0,702.0,594.0,GT_AG,19.92619926199262,1,nan,
SEQUENCE403.modif|52|568,SEQUENCE403.modif|52|568,SEQUENCE403.modif,52,568,68,CT_AC,PASS,SEQUENCE403.modif,retained_intron,52.0,568.0,516.0,CT_AC,11.926605504587156,1,nan,
SEQUENCE408.modif|97|438,SEQUENCE408.modif|97|438,SEQUENCE408.modif,97,438,6,GT_AG,PASS,SEQUENCE408.modif,retained_intron,97.0,438.0,341.0,GT_AG,30.89171974522293,1,nan,
SEQUENCE409.modif|414|985,SEQUENCE409.modif|414|985,SEQUENCE409.modif,414,985,65,GT_AG,PASS,SEQUENCE409.modif,retained_intron,414.0,985.0,571.0,GT_AG,37.2972972972973,1,nan,
SEQUENCE410.modif|179|867,SEQUENCE410.modif|179|867,SEQUENCE410.modif,179,867,31,CT_AC,PASS,SEQUENCE410.modif,retained_intron,179.0,867.0,688.0,CT_AC,12.84074605451937,1,nan,
SEQUENCE416.modif|246|761,SEQUENCE416.modif|246|761,SEQUENCE416.modif,246,761,28,GT_AG,PASS,SEQUENCE416.modif,retained_intron,246.0,761.0,515.0,GT_AG,19.114219114219114,1,nan,
SEQUENCE417.modif|367|1071,SEQUENCE417.modif|367|1071,SEQUENCE417.modif,367,1071,40,GT_AG,PASS,SEQUENCE417.modif,retained_intron,367.0,1071.0,704.0,GT_AG,70.44145873320538,1,nan,
SEQUENCE418.modif|278|801,SEQUENCE418.modif|278|801,SEQUENCE418.modif,278,801,15,GT_AG,PASS,SEQUENCE418.modif,retained_intron,278.0,801.0,523.0,GT_AG,68.98263027295285,1,nan,
SEQUENCE420.modif|362|725,SEQUENCE420.modif|362|725,SEQUENCE420.modif,362,725,51,GT_AG,PASS,SEQUENCE420.modif,retained_intron,362.0,725.0,363.0,GT_AG,27.382753403933435,1,nan,
SEQUENCE423.modif|107|385,SEQUENCE423.modif|107|385,SEQUENCE423.modif,107,385,33,CT_AC,PASS,SEQUENCE423.modif,retained_intron,107.0,385.0,278.0,CT_AC,9.771689497716896,1,nan,
SEQUENCE426.modif|185|694,SEQUENCE426.modif|185|694,SEQUENCE426.modif,185,694,21,GT_AG,PASS,SEQUENCE426.modif,retained_intron,185.0,694.0,509.0,GT_AG,37.67820773930753,1,nan,
SEQUENCE427.modif|736|1326,SEQUENCE427.modif|736|1326,SEQUENCE427.modif,736,1326,52,GT_AG,PASS,SEQUENCE427.modif,retained_intron,736.0,1326.0,590.0,GT_AG,67.27605118829982,1,nan,
SEQUENCE429.modif|859|1114,SEQUENCE429.modif|859|1114,SEQUENCE429.modif,859,1114,62,GT_AG,PASS,SEQUENCE429.modif,retained_intron,859.0,1114.0,255.0,GT_AG,58.83561643835616,1,nan,
SEQUENCE434.modif|237|917,SEQUENCE434.modif|237|917,SEQUENCE434.modif,237,917,37,CT_AC,PASS,SEQUENCE434.modif,retained_intron,237.0,917.0,680.0,CT_AC,30.22959183673469,1,nan,
SEQUENCE436.modif|188|529,SEQUENCE436.modif|188|529,SEQUENCE436.modif,188,529,3,GT_AG,PASS,SEQUENCE436.modif,retained_intron,188.0,529.0,341.0,GT_AG,51.08695652173913,1,nan,
SEQUENCE437.modif|81|496,SEQUENCE437.modif|81|496,SEQUENCE437.modif,81,496,97,CT_AC,PASS,SEQUENCE437.modif,retained_intron,81.0,496.0,415.0,CT_AC,16.007905138339922,1,nan,
SEQUENCE438.modif|42|578,SEQUENCE438.modif|42|578,SEQUENCE438.modif,42,578,70,CT_AC,PASS,SEQUENCE438.modif,retained_intron,42.0,578.0,536.0,CT_AC,8.25147347740668,1,nan,
SEQUENCE439.modif|1018|1590,SEQUENCE439.modif|1018|1590,SEQUENCE439.modif,1018,1590,33,GT_AG,PASS,SEQUENCE439.modif,retained_intron,1018.0,1590.0,572.0,GT_AG,92.21014492753623,1,nan,
SEQUENCE444.modif|1146|1740,SEQUENCE444.modif|1146|1740,SEQUENCE444.modif,1146,1740,40,CT_AC,PASS,SEQUENCE444.modif,retained_intron,1146.0,1740.0,594.0,CT_AC,85.26785714285714,1,nan,
SEQUENCE446.modif|636|1115,SEQUENCE446.modif|636|1115,SEQUENCE446.modif,636,1115,62,CT_AC,PASS,SEQUENCE446.modif,retained_intron,636.0,1115.0,479.0,CT_AC,87.00410396716826,1,nan,
SEQUENCE448.modif|508|1217,SEQUENCE448.modif|508|1217,SEQUENCE448.modif,508,1217,63,CT_AC,PASS,SEQUENCE448.modif,retained_intron,508.0,1217.0,709.0,CT_AC,81.15015974440894,1,nan,
SEQUENCE452.modif|951|1300,SEQUENCE452.modif|951|1300,SEQUENCE452.modif,951,1300,60,GT_AG,PASS,SEQUENCE452.modif,retained_intron,951.0,1300.0,349.0,GT_AG,64.21336934503714,1,nan,
SEQUENCE454.modif|337|1078,SEQUENCE454.modif|337|1078,SEQUENCE454.modif,337,1078,35,CT_AC,PASS,SEQUENCE454.modif,retained_intron,337.0,1078.0,741.0,CT_AC,71.39830508474576,1,nan,
SEQUENCE455.modif|304|958,SEQUENCE455.modif|304|958,SEQUENCE455.modif,304,958,37,GT_AG,PASS,SEQUENCE455.modif,retained_intron,304.0,958.0,654.0,GT_AG,24.53591606133979,1,nan,
SEQUENCE457.modif|349|783,SEQUENCE457.modif|349|783,SEQUENCE457.modif,349,783,57,GT_AG,PASS,SEQUENCE457.modif,retained_intron,349.0,783.0,434.0,GT_AG,32.10671573137074,1,nan,
SEQUENCE458.modif|630|1230,SEQUENCE458.modif|630|1230,SEQUENCE458.modif,630,1230,43,CT_AC,PASS,SEQUENCE458.modif,retained_intron,630.0,1230.0,600.0,CT_AC,75.63025210084034,1,nan,
SEQUENCE459.modif|1460|1609,SEQUENCE459.modif|1460|1609,SEQUENCE459.modif,1460,1609,2,CT_GC,SS,,,,,,,,nan,1,
SEQUENCE460.modif|785|1081,SEQUENCE460.modif|785|1081,SEQUENCE460.modif,785,1081,52,CT_AC,PASS,SEQUENCE460.modif,retained_intron,785.0,1081.0,296.0,CT_AC,53.00472653612424,1,nan,
SEQUENCE461.modif|1136|1472,SEQUENCE461.modif|1136|1472,SEQUENCE461.modif,1136,1472,28,CT_AC,PASS,SEQUENCE461.modif,retained_intron,1136.0,1472.0,336.0,CT_AC,87.99380325329203,1,nan,
SEQUENCE462.modif|726|1275,SEQUENCE462.modif|726|1275,SEQUENCE462.modif,726,1275,75,GT_AG,PASS,SEQUENCE462.modif,retained_intron,726.0,1275.0,549.0,GT_AG,58.033573141486805,1,nan,
SEQUENCE466|419|685,SEQUENCE466|419|685,SEQUENCE466,419,685,1,CT_AC,DP,,,,,,,,nan,1,
SEQUENCE467.modif|829|1137,SEQUENCE467.modif|829|1137,SEQUENCE467.modif,829,1137,51,GT_AG,PASS,SEQUENCE467.modif,retained_intron,829.0,1137.0,308.0,GT_AG,65.845909451946,1,nan,
SEQUENCE470.modif|174|828,SEQUENCE470.modif|174|828,SEQUENCE470.modif,174,828,49,GT_AG,PASS,SEQUENCE470.modif,retained_intron,174.0,828.0,654.0,GT_AG,15.130434782608695,1,nan,
SEQUENCE473.modif|713|1139,SEQUENCE473.modif|713|1139,SEQUENCE473.modif,713,1139,42,CT_AC,PASS,SEQUENCE473.modif,retained_intron,713.0,1139.0,426.0,CT_AC,91.52759948652118,1,nan,
SEQUENCE475.modif|1447|2031,SEQUENCE475.modif|1447|2031,SEQUENCE475.modif,1447,2031,15,CT_AC,PASS,SEQUENCE475.modif,retained_intron,1447.0,2031.0,584.0,CT_AC,96.91895512391159,1,nan,
SEQUENCE476.modif|364|634,SEQUENCE476.modif|364|634,SEQUENCE476.modif,364,634,96,GT_AG,PASS,SEQUENCE476.modif,retained_intron,364.0,634.0,270.0,GT_AG,85.44600938967136,1,nan,
SEQUENCE477.modif|925|1303,SEQUENCE477.modif|925|1303,SEQUENCE477.modif,925,1303,41,CT_AC,PASS,SEQUENCE477.modif,retained_intron,925.0,1303.0,378.0,CT_AC,77.79646761984861,1,nan,
SEQUENCE480.modif|246|682,SEQUENCE480.modif|246|682,SEQUENCE480.modif,246,682,33,GT_AG,PASS,SEQUENCE480.modif,retained_intron,246.0,682.0,436.0,GT_AG,17.68511861969806,1,nan,
SEQUENCE485.modif|63|573,SEQUENCE485.modif|63|573,SEQUENCE485.modif,63,573,79,CT_AC,PASS,SEQUENCE485.modif,retained_intron,63.0,573.0,510.0,CT_AC,21.0,1,nan,
SEQUENCE490.modif|19|531,SEQUENCE490.modif|19|531,SEQUENCE490.modif,19,531,68,CT_AC,PASS,SEQUENCE490.modif,retained_intron,19.0,531.0,512.0,CT_AC,5.7057057057057055,1,nan,
SEQUENCE492.modif|409|802,SEQUENCE492.modif|409|802,SEQUENCE492.modif,409,802,52,CT_AC,PASS,SEQUENCE492.modif,retained_intron,409.0,802.0,393.0,CT_AC,72.26148409893993,1,nan,
SEQUENCE496.modif|640|1124,SEQUENCE496.modif|640|1124,SEQUENCE496.modif,640,1124,43,CT_AC,PASS,SEQUENCE496.modif,retained_intron,640.0,1124.0,484.0,CT_AC,68.89128094725511,1,nan,
SEQUENCE498.modif|343|853,SEQUENCE498.modif|343|853,SEQUENCE498.modif,343,853,44,CT_AC,PASS,SEQUENCE498.modif,retained_intron,343.0,853.0,510.0,CT_AC,43.75,1,nan,
SEQUENCE499.modif|731|1261,SEQUENCE499.modif|731|1261,SEQUENCE499.modif,731,1261,27,GT_AG,PASS,SEQUENCE499.modif,retained_intron,731.0,1261.0,530.0,GT_AG,92.2979797979798,1,nan,
SEQUENCE505.modif|502|944,SEQUENCE505.modif|502|944,SEQUENCE505.modif,502,944,36,GT_AG,PASS,SEQUENCE505.modif,retained_intron,502.0,944.0,442.0,GT_AG,66.75531914893617,1,nan,
SEQUENCE506.modif|665|1317,SEQUENCE506.modif|665|1317,SEQUENCE506.modif,665,1317,64,CT_AC,PASS,SEQUENCE506.modif,retained_intron,665.0,1317.0,652.0,CT_AC,52.569169960474305,1,nan,
SEQUENCE508.modif|1128|1771,SEQUENCE508.modif|1128|1771,SEQUENCE508.modif,1128,1771,37,CT_AC,PASS,SEQUENCE508.modif,retained_intron,1128.0,1771.0,643.0,CT_AC,85.1963746223565,1,nan,
SEQUENCE510.modif|148|830,SEQUENCE510.modif|148|830,SEQUENCE510.modif,148,830,2,GT_AG,PASS,SEQUENCE510.modif,retained_intron,148.0,830.0,682.0,GT_AG,49.49832775919732,1,nan,
SEQUENCE513.modif|257|837,SEQUENCE513.modif|257|837,SEQUENCE513.modif,257,837,31,GT_AG,PASS,SEQUENCE513.modif,retained_intron,257.0,837.0,580.0,GT_AG,39.90683229813665,1,nan,
SEQUENCE514.modif|88|528,SEQUENCE514.modif|88|528,SEQUENCE514.modif,88,528,31,CT_AC,PASS,SEQUENCE514.modif,retained_intron,88.0,528.0,440.0,CT_AC,9.253417455310199,1,nan,
SEQUENCE516.modif|705|1303,SEQUENCE516.modif|705|1303,SEQUENCE516.modif,705,1303,31,CT_AC,PASS,SEQUENCE516.modif,retained_intron,705.0,1303.0,598.0,CT_AC,92.27748691099477,1,nan,
SEQUENCE520.modif|251|954,SEQUENCE520.modif|251|954,SEQUENCE520.modif,251,954,31,CT_AC,PASS,SEQUENCE520.modif,retained_intron,251.0,954.0,703.0,CT_AC,21.526586620926246,1,nan,
SEQUENCE523.modif|217|501,SEQUENCE523.modif|217|501,SEQUENCE523.modif,217,501,5,CT_AC,PASS,SEQUENCE523.modif,retained_intron,217.0,501.0,284.0,CT_AC,68.45425867507886,1,nan,
SEQUENCE526.modif|480|1023,SEQUENCE526.modif|480|1023,SEQUENCE526.modif,480,1023,49,GT_AG,PASS,SEQUENCE526.modif,retained_intron,480.0,1023.0,543.0,GT_AG,60.0,1,nan,
SEQUENCE527.modif|196|808,SEQUENCE527.modif|196|808,SEQUENCE527.modif,196,808,26,CT_AC,PASS,SEQUENCE527.modif,retained_intron,196.0,808.0,612.0,CT_AC,36.70411985018727,1,nan,
SEQUENCE529.modif|54|602,SEQUENCE529.modif|54|602,SEQUENCE529.modif,54,602,55,CT_AC,PASS,SEQUENCE529.modif,retained_intron,54.0,602.0,548.0,CT_AC,8.585055643879173,1,nan,
SEQUENCE530.modif|794|1062,SEQUENCE530.modif|794|1062,SEQUENCE530.modif,794,1062,37,CT_AC,PASS,SEQUENCE530.modif,retained_intron,794.0,1062.0,268.0,CT_AC,79.4,1,nan,
SEQUENCE531.modif|265|1015,SEQUENCE531.modif|265|1015,SEQUENCE531.modif,265,1015,68,GT_AG,PASS,SEQUENCE531.modif,retained_intron,265.0,1015.0,750.0,GT_AG,87.45874587458746,1,nan,
SEQUENCE534.modif|210|769,SEQUENCE534.modif|210|769,SEQUENCE534.modif,210,769,40,GT_AG,PASS,SEQUENCE534.modif,retained_intron,210.0,769.0,559.0,GT_AG,28.34008097165992,1,nan,
SEQUENCE536.modif|480|806,SEQUENCE536.modif|480|806,SEQUENCE536.modif,480,806,45,GT_AG,PASS,SEQUENCE536.modif,retained_intron,480.0,806.0,326.0,GT_AG,39.603960396039604,1,nan,
SEQUENCE538.modif|432|975,SEQUENCE538.modif|432|975,SEQUENCE538.modif,432,975,79,CT_AC,PASS,SEQUENCE538.modif,retained_intron,432.0,975.0,543.0,CT_AC,86.4,1,nan,
SEQUENCE541.modif|478|982,SEQUENCE541.modif|478|982,SEQUENCE541.modif,478,982,69,CT_AC,PASS,SEQUENCE541.modif,retained_intron,478.0,982.0,504.0,CT_AC,46.49805447470817,1,nan,
SEQUENCE542.modif|513|1083,SEQUENCE542.modif|513|1083,SEQUENCE542.modif,513,1083,50,GT_AG,PASS,SEQUENCE542.modif,retained_intron,513.0,1083.0,570.0,GT_AG,93.44262295081968,1,nan,
SEQUENCE546.modif|791|1088,SEQUENCE546.modif|791|1088,SEQUENCE546.modif,791,1088,57,GT_AG,PASS,SEQUENCE546.modif,retained_intron,791.0,1088.0,297.0,GT_AG,62.480252764612956,1,nan,
SEQUENCE548.modif|612|1205,SEQUENCE548.modif|612|1205,SEQUENCE548.modif,612,1205,55,GT_AG,PASS,SEQUENCE548.modif,retained_intron,612.0,1205.0,593.0,GT_AG,63.22314049586777,1,nan,
SEQUENCE552.modif|255|726,SEQUENCE552.modif|255|726,SEQUENCE552.modif,255,726,61,CT_AC,PASS,SEQUENCE552.modif,retained_intron,255.0,726.0,471.0,CT_AC,86.14864864864865,1,nan,
SEQUENCE555.modif|508|1197,SEQUENCE555.modif|508|1197,SEQUENCE555.modif,508,1197,55,GT_AG,PASS,SEQUENCE555.modif,retained_intron,508.0,1197.0,689.0,GT_AG,62.48462484624846,1,nan,
SEQUENCE556.modif|83|828,SEQUENCE556.modif|83|828,SEQUENCE556.modif,83,828,33,GT_AG,PASS,SEQUENCE556.modif,retained_intron,83.0,828.0,745.0,GT_AG,6.9109075770191515,1,nan,
SEQUENCE557.modif|1256|1806,SEQUENCE557.modif|1256|1806,SEQUENCE557.modif,1256,1806,27,GT_AG,PASS,SEQUENCE557.modif,retained_intron,1256.0,1806.0,550.0,GT_AG,92.76218611521418,1,nan,
SEQUENCE558.modif|150|499,SEQUENCE558.modif|150|499,SEQUENCE558.modif,150,499,56,CT_AC,PASS,SEQUENCE558.modif,retained_intron,150.0,499.0,349.0,CT_AC,27.223230490018146,1,nan,
SEQUENCE559.modif|121|834,SEQUENCE559.modif|121|834,SEQUENCE559.modif,121,834,15,CT_AC,PASS,SEQUENCE559.modif,retained_intron,121.0,834.0,713.0,CT_AC,31.675392670157066,1,nan,
SEQUENCE560.modif|401|964,SEQUENCE560.modif|401|964,SEQUENCE560.modif,401,964,1,CT_AC,DP,,,,,,,,nan,1,
SEQUENCE560.modif|458|883,SEQUENCE560.modif|458|883,SEQUENCE560.modif,458,883,69,GT_AG,PASS,SEQUENCE560.modif,retained_intron,458.0,883.0,425.0,GT_AG,35.17665130568356,1,nan,
SEQUENCE564.modif|98|408,SEQUENCE564.modif|98|408,SEQUENCE564.modif,98,408,41,CT_AC,PASS,SEQUENCE564.modif,retained_intron,98.0,408.0,310.0,CT_AC,25.19280205655527,1,nan,
SEQUENCE565.modif|393|971,SEQUENCE565.modif|393|971,SEQUENCE565.modif,393,971,42,GT_AG,PASS,SEQUENCE565.modif,retained_intron,393.0,971.0,578.0,GT_AG,71.58469945355192,1,nan,
SEQUENCE568.modif|74|631,SEQUENCE568.modif|74|631,SEQUENCE568.modif,74,631,94,CT_AC,PASS,SEQUENCE568.modif,retained_intron,74.0,631.0,557.0,CT_AC,15.74468085106383,1,nan,
SEQUENCE568.modif|79|637,SEQUENCE568.modif|79|637,SEQUENCE568.modif,79,637,2,GT_AG,PASS,,,,,,,,nan,1,
SEQUENCE569.modif|139|640,SEQUENCE569.modif|139|640,SEQUENCE569.modif,139,640,52,GT_AG,PASS,SEQUENCE569.modif,retained_intron,139.0,640.0,501.0,GT_AG,15.706214689265538,1,nan,
SEQUENCE570.modif|139|441,SEQUENCE570.modif|139|441,SEQUENCE570.modif,139,441,36,GT_AG,PASS,SEQUENCE570.modif,retained_intron,139.0,441.0,302.0,GT_AG,17.418546365914786,1,nan,
SEQUENCE573.modif|58|472,SEQUENCE573.modif|58|472,SEQUENCE573.modif,58,472,90,GT_AG,PASS,SEQUENCE573.modif,retained_intron,58.0,472.0,414.0,GT_AG,13.80952380952381,1,nan,
SEQUENCE577.modif|799|1192,SEQUENCE577.modif|799|1192,SEQUENCE577.modif,799,1192,62,GT_AG,PASS,SEQUENCE577.modif,retained_intron,799.0,1192.0,393.0,GT_AG,62.13063763608086,1,nan,
SEQUENCE580.modif|157|463,SEQUENCE580.modif|157|463,SEQUENCE580.modif,157,463,7,GT_AG,PASS,SEQUENCE580.modif,retained_intron,157.0,463.0,306.0,GT_AG,45.11494252873563,1,nan,
SEQUENCE581.modif|755|1182,SEQUENCE581.modif|755|1182,SEQUENCE581.modif,755,1182,62,GT_AG,PASS,SEQUENCE581.modif,retained_intron,755.0,1182.0,427.0,GT_AG,51.29076086956522,1,nan,
SEQUENCE582.modif|159|906,SEQUENCE582.modif|159|906,SEQUENCE582.modif,159,906,32,CT_AC,PASS,SEQUENCE582.modif,retained_intron,159.0,906.0,747.0,CT_AC,63.095238095238095,1,nan,
SEQUENCE583.modif|406|802,SEQUENCE583.modif|406|802,SEQUENCE583.modif,406,802,48,GT_AG,PASS,SEQUENCE583.modif,retained_intron,406.0,802.0,396.0,GT_AG,73.28519855595668,1,nan,
SEQUENCE585.modif|516|1222,SEQUENCE585.modif|516|1222,SEQUENCE585.modif,516,1222,64,CT_AC,PASS,SEQUENCE585.modif,retained_intron,516.0,1222.0,706.0,CT_AC,51.038575667655785,1,nan,
SEQUENCE586.modif|291|848,SEQUENCE586.modif|291|848,SEQUENCE586.modif,291,848,21,GT_AG,PASS,SEQUENCE586.modif,retained_intron,291.0,848.0,557.0,GT_AG,57.05882352941176,1,nan,
SEQUENCE588.modif|865|1375,SEQUENCE588.modif|865|1375,SEQUENCE588.modif,865,1375,49,GT_AG,PASS,SEQUENCE588.modif,retained_intron,865.0,1375.0,510.0,GT_AG,63.9320029563932,1,nan,
SEQUENCE590.modif|110|563,SEQUENCE590.modif|110|563,SEQUENCE590.modif,110,563,60,CT_AC,PASS,SEQUENCE590.modif,retained_intron,110.0,563.0,453.0,CT_AC,21.825396825396826,1,nan,
SEQUENCE591.modif|841|1556,SEQUENCE591.modif|841|1556,SEQUENCE591.modif,841,1556,51,CT_AC,PASS,SEQUENCE591.modif,retained_intron,841.0,1556.0,715.0,CT_AC,57.76098901098901,1,nan,
SEQUENCE592.modif|556|1186,SEQUENCE592.modif|556|1186,SEQUENCE592.modif,556,1186,40,CT_AC,PASS,SEQUENCE592.modif,retained_intron,556.0,1186.0,630.0,CT_AC,70.828025477707,1,nan,
SEQUENCE594.modif|101|518,SEQUENCE594.modif|101|518,SEQUENCE594.modif,101,518,2,GT_AG,PASS,SEQUENCE594.modif,retained_intron,101.0,518.0,417.0,GT_AG,40.07936507936508,1,nan,
SEQUENCE595.modif|875|1153,SEQUENCE595.modif|875|1153,SEQUENCE595.modif,875,1153,23,GT_AG,PASS,SEQUENCE595.modif,retained_intron,875.0,1153.0,278.0,GT_AG,94.79956663055255,1,nan,
SEQUENCE601.modif|21|609,SEQUENCE601.modif|21|609,SEQUENCE601.modif,21,609,52,CT_AC,PASS,SEQUENCE601.modif,retained_intron,21.0,609.0,588.0,CT_AC,4.468085106382979,1,nan,
SEQUENCE603.modif|208|613,SEQUENCE603.modif|208|613,SEQUENCE603.modif,208,613,3,GT_AG,PASS,SEQUENCE603.modif,retained_intron,208.0,613.0,405.0,GT_AG,59.77011494252874,1,nan,
SEQUENCE604.modif|462|911,SEQUENCE604.modif|462|911,SEQUENCE604.modif,462,911,1,GT_AG,DP,,,,,,,,nan,1,
SEQUENCE604.modif|575|1202,SEQUENCE604.modif|575|1202,SEQUENCE604.modif,575,1202,59,GT_AG,PASS,SEQUENCE604.modif,retained_intron,575.0,1202.0,627.0,GT_AG,39.54607977991747,1,nan,
SEQUENCE606.modif|34|299,SEQUENCE606.modif|34|299,SEQUENCE606.modif,34,299,75,GT_AG,PASS,SEQUENCE606.modif,retained_intron,34.0,299.0,265.0,GT_AG,7.906976744186046,1,nan,
SEQUENCE608.modif|627|1263,SEQUENCE608.modif|627|1263,SEQUENCE608.modif,627,1263,45,GT_AG,PASS,SEQUENCE608.modif,retained_intron,627.0,1263.0,636.0,GT_AG,66.41949152542372,1,nan,
SEQUENCE611.modif|606|982,SEQUENCE611.modif|606|982,SEQUENCE611.modif,606,982,50,CT_AC,PASS,SEQUENCE611.modif,retained_intron,606.0,982.0,376.0,CT_AC,49.631449631449634,1,nan,
SEQUENCE612.modif|43|637,SEQUENCE612.modif|43|637,SEQUENCE612.modif,43,637,15,GT_AG,PASS,SEQUENCE612.modif,retained_intron,43.0,637.0,594.0,GT_AG,4.3,1,nan,
SEQUENCE614.modif|46|678,SEQUENCE614.modif|46|678,SEQUENCE614.modif,46,678,75,GT_AG,PASS,SEQUENCE614.modif,retained_intron,46.0,678.0,632.0,GT_AG,11.11111111111111,1,nan,
SEQUENCE617.modif|158|743,SEQUENCE617.modif|158|743,SEQUENCE617.modif,158,743,6,CT_AC,PASS,SEQUENCE617.modif,retained_intron,158.0,743.0,585.0,CT_AC,43.76731301939058,1,nan,
SEQUENCE618.modif|238|694,SEQUENCE618.modif|238|694,SEQUENCE618.modif,238,694,15,CT_AC,PASS,SEQUENCE618.modif,retained_intron,238.0,694.0,456.0,CT_AC,69.18604651162791,1,nan,
SEQUENCE619.modif|101|720,SEQUENCE619.modif|101|720,SEQUENCE619.modif,101,720,4,CT_AC,PASS,SEQUENCE619.modif,retained_intron,101.0,720.0,619.0,CT_AC,37.96992481203007,1,nan,
SEQUENCE620.modif|1149|1425,SEQUENCE620.modif|1149|1425,SEQUENCE620.modif,1149,1425,46,GT_AG,PASS,SEQUENCE620.modif,retained_intron,1149.0,1425.0,276.0,GT_AG,79.35082872928176,1,nan,
SEQUENCE622.modif|1191|1915,SEQUENCE622.modif|1191|1915,SEQUENCE622.modif,1191,1915,32,CT_AC,PASS,SEQUENCE622.modif,retained_intron,1191.0,1915.0,724.0,CT_AC,91.33435582822086,1,nan,
SEQUENCE624|352|690,SEQUENCE624|352|690,SEQUENCE624,352,690,1,GT_AG,DP,,,,,,,,nan,1,
SEQUENCE626.modif|739|1354,SEQUENCE626.modif|739|1354,SEQUENCE626.modif,739,1354,47,GT_AG,PASS,SEQUENCE626.modif,retained_intron,739.0,1354.0,615.0,GT_AG,73.53233830845771,1,nan,
SEQUENCE631.modif|659|1097,SEQUENCE631.modif|659|1097,SEQUENCE631.modif,659,1097,43,CT_AC,PASS,SEQUENCE631.modif,retained_intron,659.0,1097.0,438.0,CT_AC,87.86666666666667,1,nan,
SEQUENCE633.modif|56|660,SEQUENCE633.modif|56|660,SEQUENCE633.modif,56,660,1,CT_AC,DP,,,,,,,,nan,1,
SEQUENCE633.modif|94|660,SEQUENCE633.modif|94|660,SEQUENCE633.modif,94,660,35,CT_AC,PASS,SEQUENCE633.modif,retained_intron,94.0,660.0,566.0,CT_AC,8.034188034188034,1,nan,
SEQUENCE635.modif|194|609,SEQUENCE635.modif|194|609,SEQUENCE635.modif,194,609,5,CT_AC,PASS,SEQUENCE635.modif,retained_intron,194.0,609.0,415.0,CT_AC,50.91863517060368,1,nan,
SEQUENCE636.modif|670|1086,SEQUENCE636.modif|670|1086,SEQUENCE636.modif,670,1086,45,CT_AC,PASS,SEQUENCE636.modif,retained_intron,670.0,1086.0,416.0,CT_AC,72.51082251082252,1,nan,
SEQUENCE637.modif|286|976,SEQUENCE637.modif|286|976,SEQUENCE637.modif,286,976,92,GT_AG,PASS,SEQUENCE637.modif,retained_intron,286.0,976.0,690.0,GT_AG,80.7909604519774,1,nan,
SEQUENCE638.modif|844|1432,SEQUENCE638.modif|844|1432,SEQUENCE638.modif,844,1432,37,CT_AC,PASS,SEQUENCE638.modif,retained_intron,844.0,1432.0,588.0,CT_AC,76.38009049773756,1,nan,
SEQUENCE638.modif|1445|1468,SEQUENCE638.modif|1445|1468,SEQUENCE638.modif,1445,1468,1,CT_AC,DP,,,,,,,,nan,1,
SEQUENCE640.modif|1241|1892,SEQUENCE640.modif|1241|1892,SEQUENCE640.modif,1241,1892,26,CT_AC,PASS,SEQUENCE640.modif,retained_intron,1241.0,1892.0,651.0,CT_AC,85.05825908156271,1,nan,
SEQUENCE645.modif|188|721,SEQUENCE645.modif|188|721,SEQUENCE645.modif,188,721,33,GT_AG,PASS,SEQUENCE645.modif,retained_intron,188.0,721.0,533.0,GT_AG,12.550066755674234,1,nan,
SEQUENCE646.modif|502|1205,SEQUENCE646.modif|502|1205,SEQUENCE646.modif,502,1205,48,GT_AG,PASS,SEQUENCE646.modif,retained_intron,502.0,1205.0,703.0,GT_AG,64.03061224489795,1,nan,
SEQUENCE647.modif|746|1182,SEQUENCE647.modif|746|1182,SEQUENCE647.modif,746,1182,45,CT_AC,PASS,SEQUENCE647.modif,retained_intron,746.0,1182.0,436.0,CT_AC,55.58867362146051,1,nan,
SEQUENCE648.modif|1142|1561,SEQUENCE648.modif|1142|1561,SEQUENCE648.modif,1142,1561,31,GT_AG,PASS,SEQUENCE648.modif,retained_intron,1142.0,1561.0,419.0,GT_AG,88.8715953307393,1,nan,
SEQUENCE649.modif|448|980,SEQUENCE649.modif|448|980,SEQUENCE649.modif,448,980,53,CT_AC,PASS,SEQUENCE649.modif,retained_intron,448.0,980.0,532.0,CT_AC,69.56521739130434,1,nan,
SEQUENCE651.modif|119|559,SEQUENCE651.modif|119|559,SEQUENCE651.modif,119,559,3,GT_AG,PASS,SEQUENCE651.modif,retained_intron,119.0,559.0,440.0,GT_AG,37.65822784810127,1,nan,
SEQUENCE653.modif|430|1086,SEQUENCE653.modif|430|1086,SEQUENCE653.modif,430,1086,61,CT_AC,PASS,SEQUENCE653.modif,retained_intron,430.0,1086.0,656.0,CT_AC,39.197812215132174,1,nan,
SEQUENCE654|281|574,SEQUENCE654|281|574,SEQUENCE654,281,574,1,CT_AC,DP,,,,,,,,nan,1,
SEQUENCE660.modif|59|536,SEQUENCE660.modif|59|536,SEQUENCE660.modif,59,536,28,CT_AC,PASS,SEQUENCE660.modif,retained_intron,59.0,536.0,477.0,CT_AC,5.277280858676208,1,nan,
SEQUENCE661.modif|276|504,SEQUENCE661.modif|276|504,SEQUENCE661.modif,276,504,1,GT_AG,DP,,,,,,,,nan,1,
SEQUENCE661.modif|977|1454,SEQUENCE661.modif|977|1454,SEQUENCE661.modif,977,1454,40,CT_AC,PASS,SEQUENCE661.modif,retained_intron,977.0,1454.0,477.0,CT_AC,88.65698729582577,1,nan,
SEQUENCE662.modif|159|820,SEQUENCE662.modif|159|820,SEQUENCE662.modif,159,820,4,CT_AC,PASS,SEQUENCE662.modif,retained_intron,159.0,820.0,661.0,CT_AC,56.98924731182796,1,nan,
SEQUENCE664.modif|15|723,SEQUENCE664.modif|15|723,SEQUENCE664.modif,15,723,3,CT_AC,PASS,SEQUENCE664.modif,retained_intron,15.0,723.0,708.0,CT_AC,1.2953367875647668,1,nan,
SEQUENCE665.modif|18|459,SEQUENCE665.modif|18|459,SEQUENCE665.modif,18,459,9,GT_AG,PASS,SEQUENCE665.modif,retained_intron,18.0,459.0,441.0,GT_AG,2.635431918008785,1,nan,
SEQUENCE666.modif|436|1306,SEQUENCE666.modif|436|1306,SEQUENCE666.modif,436,1306,1,CT_AC,DP,,,,,,,,nan,1,
SEQUENCE666.modif|452|1167,SEQUENCE666.modif|452|1167,SEQUENCE666.modif,452,1167,57,GT_AG,PASS,SEQUENCE666.modif,retained_intron,452.0,1167.0,715.0,GT_AG,42.762535477767265,1,nan,
SEQUENCE667.modif|254|997,SEQUENCE667.modif|254|997,SEQUENCE667.modif,254,997,45,CT_AC,PASS,SEQUENCE667.modif,retained_intron,254.0,997.0,743.0,CT_AC,21.202003338898166,1,nan,
SEQUENCE668.modif|367|887,SEQUENCE668.modif|367|887,SEQUENCE668.modif,367,887,66,CT_AC,PASS,SEQUENCE668.modif,retained_intron,367.0,887.0,520.0,CT_AC,37.296747967479675,1,nan,
SEQUENCE678.modif|718|1362,SEQUENCE678.modif|718|1362,SEQUENCE678.modif,718,1362,64,GT_AG,PASS,SEQUENCE678.modif,retained_intron,718.0,1362.0,644.0,GT_AG,49.551414768806076,1,nan,
SEQUENCE678.modif|1395|1737,SEQUENCE678.modif|1395|1737,SEQUENCE678.modif,1395,1737,1,GT_AG,DP,,,,,,,,nan,1,
SEQUENCE680.modif|102|445,SEQUENCE680.modif|102|445,SEQUENCE680.modif,102,445,59,CT_AC,PASS,SEQUENCE680.modif,retained_intron,102.0,445.0,343.0,CT_AC,17.346938775510203,1,nan,
SEQUENCE681.modif|17|293,SEQUENCE681.modif|17|293,SEQUENCE681.modif,17,293,16,GT_AG,PASS,SEQUENCE681.modif,retained_intron,17.0,293.0,276.0,GT_AG,2.75974025974026,1,nan,
SEQUENCE682.modif|945|1441,SEQUENCE682.modif|945|1441,SEQUENCE682.modif,945,1441,50,CT_AC,PASS,SEQUENCE682.modif,retained_intron,945.0,1441.0,496.0,CT_AC,66.3623595505618,1,nan,
SEQUENCE683.modif|572|1261,SEQUENCE683.modif|572|1261,SEQUENCE683.modif,572,1261,58,CT_AC,PASS,SEQUENCE683.modif,retained_intron,572.0,1261.0,689.0,CT_AC,77.61194029850746,1,nan,
SEQUENCE684.modif|98|426,SEQUENCE684.modif|98|426,SEQUENCE684.modif,98,426,4,CT_AC,PASS,SEQUENCE684.modif,retained_intron,98.0,426.0,328.0,CT_AC,39.04382470119522,1,nan,
SEQUENCE688.modif|364|636,SEQUENCE688.modif|364|636,SEQUENCE688.modif,364,636,23,GT_AG,PASS,SEQUENCE688.modif,retained_intron,364.0,636.0,272.0,GT_AG,59.67213114754099,1,nan,
SEQUENCE689.modif|380|863,SEQUENCE689.modif|380|863,SEQUENCE689.modif,380,863,38,CT_AC,PASS,SEQUENCE689.modif,retained_intron,380.0,863.0,483.0,CT_AC,58.64197530864198,1,nan,
SEQUENCE691.modif|408|869,SEQUENCE691.modif|408|869,SEQUENCE691.modif,408,869,49,GT_AG,PASS,SEQUENCE691.modif,retained_intron,408.0,869.0,461.0,GT_AG,55.359565807327,1,nan,
SEQUENCE692.modif|865|1554,SEQUENCE692.modif|865|1554,SEQUENCE692.modif,865,1554,42,CT_AC,PASS,SEQUENCE692.modif,retained_intron,865.0,1554.0,689.0,CT_AC,70.72771872444807,1,nan,
SEQUENCE693.modif|1005|1266,SEQUENCE693.modif|1005|1266,SEQUENCE693.modif,1005,1266,61,GT_AG,PASS,SEQUENCE693.modif,retained_intron,1005.0,1266.0,261.0,GT_AG,67.72237196765498,1,nan,
SEQUENCE694.modif|14|456,SEQUENCE694.modif|14|456,SEQUENCE694.modif,14,456,74,GT_AG,PASS,SEQUENCE694.modif,retained_intron,14.0,456.0,442.0,GT_AG,4.154302670623145,1,nan,
SEQUENCE696.modif|803|1544,SEQUENCE696.modif|803|1544,SEQUENCE696.modif,803,1544,35,CT_AC,PASS,SEQUENCE696.modif,retained_intron,803.0,1544.0,741.0,CT_AC,88.43612334801763,1,nan,
SEQUENCE697.modif|97|447,SEQUENCE697.modif|97|447,SEQUENCE697.modif,97,447,43,GT_AG,PASS,SEQUENCE697.modif,retained_intron,97.0,447.0,350.0,GT_AG,10.911136107986502,1,nan,
SEQUENCE699.modif|556|1259,SEQUENCE699.modif|556|1259,SEQUENCE699.modif,556,1259,49,GT_AG,PASS,SEQUENCE699.modif,retained_intron,556.0,1259.0,703.0,GT_AG,90.40650406504065,1,nan,
SEQUENCE700.modif|555|1138,SEQUENCE700.modif|555|1138,SEQUENCE700.modif,555,1138,51,GT_AG,PASS,SEQUENCE700.modif,retained_intron,555.0,1138.0,583.0,GT_AG,75.61307901907357,1,nan,
SEQUENCE702.modif|184|901,SEQUENCE702.modif|184|901,SEQUENCE702.modif,184,901,29,CT_AC,PASS,SEQUENCE702.modif,retained_intron,184.0,901.0,717.0,CT_AC,14.935064935064934,1,nan,
SEQUENCE703.modif|442|829,SEQUENCE703.modif|442|829,SEQUENCE703.modif,442,829,99,GT_AG,PASS,SEQUENCE703.modif,retained_intron,442.0,829.0,387.0,GT_AG,84.51242829827916,1,nan,
SEQUENCE705.modif|390|1020,SEQUENCE705.modif|390|1020,SEQUENCE705.modif,390,1020,50,GT_AG,PASS,SEQUENCE705.modif,retained_intron,390.0,1020.0,630.0,GT_AG,43.42984409799555,1,nan,
SEQUENCE709.modif|983|1428,SEQUENCE709.modif|983|1428,SEQUENCE709.modif,983,1428,46,CT_AC,PASS,SEQUENCE709.modif,retained_intron,983.0,1428.0,445.0,CT_AC,71.28353879622915,1,nan,
SEQUENCE710.modif|972|1368,SEQUENCE710.modif|972|1368,SEQUENCE710.modif,972,1368,29,CT_AC,PASS,SEQUENCE710.modif,retained_intron,972.0,1368.0,396.0,CT_AC,91.87145557655954,1,nan,
SEQUENCE711.modif|124|396,SEQUENCE711.modif|124|396,SEQUENCE711.modif,124,396,55,GT_AG,PASS,SEQUENCE711.modif,retained_intron,124.0,396.0,272.0,GT_AG,16.756756756756758,1,nan,
SEQUENCE712.modif|948|1631,SEQUENCE712.modif|948|1631,SEQUENCE712.modif,948,1631,44,CT_AC,PASS,SEQUENCE712.modif,retained_intron,948.0,1631.0,683.0,CT_AC,67.81115879828327,1,nan,
SEQUENCE713.modif|30|731,SEQUENCE713.modif|30|731,SEQUENCE713.modif,30,731,30,GT_AG,PASS,SEQUENCE713.modif,retained_intron,30.0,731.0,701.0,GT_AG,5.545286506469501,1,nan,
SEQUENCE714.modif|838|1371,SEQUENCE714.modif|838|1371,SEQUENCE714.modif,838,1371,62,CT_AC,PASS,SEQUENCE714.modif,retained_intron,838.0,1371.0,533.0,CT_AC,64.21455938697318,1,nan,
SEQUENCE715.modif|49|428,SEQUENCE715.modif|49|428,SEQUENCE715.modif,49,428,19,CT_AC,PASS,SEQUENCE715.modif,retained_intron,49.0,428.0,379.0,CT_AC,3.4051424600416955,1,nan,
SEQUENCE717.modif|606|1217,SEQUENCE717.modif|606|1217,SEQUENCE717.modif,606,1217,70,CT_AC,PASS,SEQUENCE717.modif,retained_intron,606.0,1217.0,611.0,CT_AC,51.750640478223744,1,nan,
SEQUENCE718.modif|399|655,SEQUENCE718.modif|399|655,SEQUENCE718.modif,399,655,37,CT_AC,PASS,SEQUENCE718.modif,retained_intron,399.0,655.0,256.0,CT_AC,55.26315789473685,1,nan,
SEQUENCE722.modif|174|813,SEQUENCE722.modif|174|813,SEQUENCE722.modif,174,813,34,CT_AC,PASS,SEQUENCE722.modif,retained_intron,174.0,813.0,639.0,CT_AC,17.075564278704615,1,nan,
SEQUENCE723.modif|266|721,SEQUENCE723.modif|266|721,SEQUENCE723.modif,266,721,34,GT_AG,PASS,SEQUENCE723.modif,retained_intron,266.0,721.0,455.0,GT_AG,41.43302180685358,1,nan,
SEQUENCE724.modif|195|610,SEQUENCE724.modif|195|610,SEQUENCE724.modif,195,610,43,CT_AC,PASS,SEQUENCE724.modif,retained_intron,195.0,610.0,415.0,CT_AC,18.43100189035917,1,nan,
SEQUENCE725.modif|1192|1803,SEQUENCE725.modif|1192|1803,SEQUENCE725.modif,1192,1803,26,GT_AG,PASS,SEQUENCE725.modif,retained_intron,1192.0,1803.0,611.0,GT_AG,88.4272997032641,1,nan,
SEQUENCE726.modif|403|733,SEQUENCE726.modif|403|733,SEQUENCE726.modif,403,733,60,GT_AG,PASS,SEQUENCE726.modif,retained_intron,403.0,733.0,330.0,GT_AG,76.76190476190476,1,nan,
SEQUENCE727.modif|412|540,SEQUENCE727.modif|412|540,SEQUENCE727.modif,412,540,1,GT_AG,DP,,,,,,,,nan,1,
SEQUENCE727.modif|582|1048,SEQUENCE727.modif|582|1048,SEQUENCE727.modif,582,1048,60,GT_AG,PASS,SEQUENCE727.modif,retained_intron,582.0,1048.0,466.0,GT_AG,81.85654008438819,1,nan,
SEQUENCE731.modif|13|487,SEQUENCE731.modif|13|487,SEQUENCE731.modif,13,487,58,CT_AC,PASS,SEQUENCE731.modif,retained_intron,13.0,487.0,474.0,CT_AC,3.7142857142857144,1,nan,
SEQUENCE732.modif|240|758,SEQUENCE732.modif|240|758,SEQUENCE732.modif,240,758,39,GT_AG,PASS,SEQUENCE732.modif,retained_intron,240.0,758.0,518.0,GT_AG,30.112923462986195,1,nan,
SEQUENCE734.modif|1264|1792,SEQUENCE734.modif|1264|1792,SEQUENCE734.modif,1264,1792,29,GT_AG,PASS,SEQUENCE734.modif,retained_intron,1264.0,1792.0,528.0,GT_AG,94.82370592648162,1,nan,
SEQUENCE735.modif|545|1017,SEQUENCE735.modif|545|1017,SEQUENCE735.modif,545,1017,40,CT_AC,PASS,SEQUENCE735.modif,retained_intron,545.0,1017.0,472.0,CT_AC,62.5,1,nan,
SEQUENCE737.modif|207|471,SEQUENCE737.modif|207|471,SEQUENCE737.modif,207,471,68,GT_AG,PASS,SEQUENCE737.modif,retained_intron,207.0,471.0,264.0,GT_AG,71.62629757785467,1,nan,
SEQUENCE738.modif|261|533,SEQUENCE738.modif|261|533,SEQUENCE738.modif,261,533,43,GT_AG,PASS,SEQUENCE738.modif,retained_intron,261.0,533.0,272.0,GT_AG,20.947030497592294,1,nan,
SEQUENCE741.modif|658|1223,SEQUENCE741.modif|658|1223,SEQUENCE741.modif,658,1223,56,GT_AG,PASS,SEQUENCE741.modif,retained_intron,658.0,1223.0,565.0,GT_AG,62.075471698113205,1,nan,
SEQUENCE743.modif|256|838,SEQUENCE743.modif|256|838,SEQUENCE743.modif,256,838,64,CT_AC,PASS,SEQUENCE743.modif,retained_intron,256.0,838.0,582.0,CT_AC,92.7536231884058,1,nan,
SEQUENCE744.modif|692|1320,SEQUENCE744.modif|692|1320,SEQUENCE744.modif,692,1320,4,GT_AG,PASS,SEQUENCE744.modif,retained_intron,692.0,1320.0,628.0,GT_AG,98.29545454545455,1,nan,
SEQUENCE745.modif|210|843,SEQUENCE745.modif|210|843,SEQUENCE745.modif,210,843,48,CT_AC,PASS,SEQUENCE745.modif,retained_intron,210.0,843.0,633.0,CT_AC,69.3069306930693,1,nan,
SEQUENCE747.modif|125|759,SEQUENCE747.modif|125|759,SEQUENCE747.modif,125,759,6,GT_AG,PASS,SEQUENCE747.modif,retained_intron,125.0,759.0,634.0,GT_AG,45.12635379061371,1,nan,
SEQUENCE750.modif|619|1162,SEQUENCE750.modif|619|1162,SEQUENCE750.modif,619,1162,61,CT_AC,PASS,SEQUENCE750.modif,retained_intron,619.0,1162.0,543.0,CT_AC,47.984496124031004,1,nan,
SEQUENCE753.modif|845|1318,SEQUENCE753.modif|845|1318,SEQUENCE753.modif,845,1318,1,GT_AG,DP,,,,,,,,nan,1,
SEQUENCE753.modif|975|1434,SEQUENCE753.modif|975|1434,SEQUENCE753.modif,975,1434,47,CT_AC,PASS,SEQUENCE753.modif,retained_intron,975.0,1434.0,459.0,CT_AC,73.08845577211395,1,nan,
SEQUENCE754.modif|907|1241,SEQUENCE754.modif|907|1241,SEQUENCE754.modif,907,1241,54,CT_AC,PASS,SEQUENCE754.modif,retained_intron,907.0,1241.0,334.0,CT_AC,60.99529253530599,1,nan,
SEQUENCE755.modif|216|508,SEQUENCE755.modif|216|508,SEQUENCE755.modif,216,508,66,GT_AG,PASS,SEQUENCE755.modif,retained_intron,216.0,508.0,292.0,GT_AG,84.70588235294117,1,nan,
SEQUENCE757.modif|710|1317,SEQUENCE757.modif|710|1317,SEQUENCE757.modif,710,1317,49,GT_AG,PASS,SEQUENCE757.modif,retained_intron,710.0,1317.0,607.0,GT_AG,88.4184308841843,1,nan,
SEQUENCE758.modif|110|503,SEQUENCE758.modif|110|503,SEQUENCE758.modif,110,503,19,CT_AC,PASS,SEQUENCE758.modif,retained_intron,110.0,503.0,393.0,CT_AC,28.277634961439592,1,nan,
SEQUENCE760.modif|418|1140,SEQUENCE760.modif|418|1140,SEQUENCE760.modif,418,1140,70,GT_AG,PASS,SEQUENCE760.modif,retained_intron,418.0,1140.0,722.0,GT_AG,29.814550641940084,1,nan,
SEQUENCE761.modif|117|529,SEQUENCE761.modif|117|529,SEQUENCE761.modif,117,529,7,CT_AC,PASS,SEQUENCE761.modif,retained_intron,117.0,529.0,412.0,CT_AC,37.5,1,nan,
SEQUENCE763.modif|356|790,SEQUENCE763.modif|356|790,SEQUENCE763.modif,356,790,103,CT_AC,PASS,SEQUENCE763.modif,retained_intron,356.0,790.0,434.0,CT_AC,84.76190476190476,1,nan,
SEQUENCE766.modif|1053|1449,SEQUENCE766.modif|1053|1449,SEQUENCE766.modif,1053,1449,36,GT_AG,PASS,SEQUENCE766.modif,retained_intron,1053.0,1449.0,396.0,GT_AG,77.42647058823529,1,nan,
SEQUENCE769.modif|146|476,SEQUENCE769.modif|146|476,SEQUENCE769.modif,146,476,38,GT_AG,PASS,SEQUENCE769.modif,retained_intron,146.0,476.0,330.0,GT_AG,27.86259541984733,1,nan,
SEQUENCE770.modif|241|723,SEQUENCE770.modif|241|723,SEQUENCE770.modif,241,723,10,GT_AG,PASS,SEQUENCE770.modif,retained_intron,241.0,723.0,482.0,GT_AG,59.068627450980394,1,nan,
SEQUENCE771.modif|1043|1335,SEQUENCE771.modif|1043|1335,SEQUENCE771.modif,1043,1335,39,CT_AC,PASS,SEQUENCE771.modif,retained_intron,1043.0,1335.0,292.0,CT_AC,73.09039943938332,1,nan,
SEQUENCE772.modif|229|758,SEQUENCE772.modif|229|758,SEQUENCE772.modif,229,758,24,GT_AG,PASS,SEQUENCE772.modif,retained_intron,229.0,758.0,529.0,GT_AG,22.968906720160483,1,nan,
SEQUENCE776.modif|600|1133,SEQUENCE776.modif|600|1133,SEQUENCE776.modif,600,1133,46,CT_AC,PASS,SEQUENCE776.modif,retained_intron,600.0,1133.0,533.0,CT_AC,82.87292817679558,1,nan,
SEQUENCE777.modif|220|710,SEQUENCE777.modif|220|710,SEQUENCE777.modif,220,710,42,GT_AG,PASS,SEQUENCE777.modif,retained_intron,220.0,710.0,490.0,GT_AG,23.429179978700745,1,nan,
SEQUENCE779.modif|190|541,SEQUENCE779.modif|190|541,SEQUENCE779.modif,190,541,5,GT_AG,PASS,SEQUENCE779.modif,retained_intron,190.0,541.0,351.0,GT_AG,55.55555555555556,1,nan,
SEQUENCE781.modif|480|831,SEQUENCE781.modif|480|831,SEQUENCE781.modif,480,831,40,GT_AG,PASS,SEQUENCE781.modif,retained_intron,480.0,831.0,351.0,GT_AG,65.12890094979647,1,nan,
SEQUENCE782.modif|773|1240,SEQUENCE782.modif|773|1240,SEQUENCE782.modif,773,1240,45,CT_AC,PASS,SEQUENCE782.modif,retained_intron,773.0,1240.0,467.0,CT_AC,88.44393592677345,1,nan,
SEQUENCE783.modif|266|538,SEQUENCE783.modif|266|538,SEQUENCE783.modif,266,538,46,CT_AC,PASS,SEQUENCE783.modif,retained_intron,266.0,538.0,272.0,CT_AC,27.479338842975203,1,nan,
SEQUENCE785.modif|81|745,SEQUENCE785.modif|81|745,SEQUENCE785.modif,81,745,79,GT_AG,PASS,SEQUENCE785.modif,retained_intron,81.0,745.0,664.0,GT_AG,24.324324324324326,1,nan,
SEQUENCE786.modif|183|731,SEQUENCE786.modif|183|731,SEQUENCE786.modif,183,731,25,GT_AG,PASS,SEQUENCE786.modif,retained_intron,183.0,731.0,548.0,GT_AG,18.065153010858836,1,nan,
SEQUENCE787.modif|872|1256,SEQUENCE787.modif|872|1256,SEQUENCE787.modif,872,1256,49,CT_AC,PASS,SEQUENCE787.modif,retained_intron,872.0,1256.0,384.0,CT_AC,59.84900480439259,1,nan,
SEQUENCE797.modif|7|515,SEQUENCE797.modif|7|515,SEQUENCE797.modif,7,515,1,CT_AC,DP,SEQUENCE797.modif,retained_intron,7.0,515.0,508.0,CT_AC,0.7223942208462332,1,nan,
SEQUENCE800.modif|1307|1680,SEQUENCE800.modif|1307|1680,SEQUENCE800.modif,1307,1680,30,GT_AG,PASS,SEQUENCE800.modif,retained_intron,1307.0,1680.0,373.0,GT_AG,91.78370786516854,1,nan,
SEQUENCE801.modif|733|1202,SEQUENCE801.modif|733|1202,SEQUENCE801.modif,733,1202,46,GT_AG,PASS,SEQUENCE801.modif,retained_intron,733.0,1202.0,469.0,GT_AG,85.53092182030339,1,nan,
SEQUENCE804.modif|125|260,SEQUENCE804.modif|125|260,SEQUENCE804.modif,125,260,1,CT_AC,DP,,,,,,,,nan,1,
SEQUENCE804.modif|125|590,SEQUENCE804.modif|125|590,SEQUENCE804.modif,125,590,48,CT_AC,PASS,SEQUENCE804.modif,retained_intron,125.0,590.0,465.0,CT_AC,23.99232245681382,1,nan,
SEQUENCE805.modif|692|1251,SEQUENCE805.modif|692|1251,SEQUENCE805.modif,692,1251,61,CT_AC,PASS,SEQUENCE805.modif,retained_intron,692.0,1251.0,559.0,CT_AC,47.36481861738535,1,nan,
SEQUENCE808.modif|546|1109,SEQUENCE808.modif|546|1109,SEQUENCE808.modif,546,1109,58,GT_AG,PASS,SEQUENCE808.modif,retained_intron,546.0,1109.0,563.0,GT_AG,47.06896551724138,1,nan,
SEQUENCE809.modif|841|1437,SEQUENCE809.modif|841|1437,SEQUENCE809.modif,841,1437,39,CT_AC,PASS,SEQUENCE809.modif,retained_intron,841.0,1437.0,596.0,CT_AC,81.17760617760618,1,nan,
SEQUENCE815.modif|955|1440,SEQUENCE815.modif|955|1440,SEQUENCE815.modif,955,1440,13,CT_AC,PASS,SEQUENCE815.modif,retained_intron,955.0,1440.0,485.0,CT_AC,95.5,1,nan,
SEQUENCE817.modif|256|677,SEQUENCE817.modif|256|677,SEQUENCE817.modif,256,677,29,CT_AC,PASS,SEQUENCE817.modif,retained_intron,256.0,677.0,421.0,CT_AC,26.149131767109296,1,nan,
SEQUENCE818.modif|860|1488,SEQUENCE818.modif|860|1488,SEQUENCE818.modif,860,1488,30,CT_AC,PASS,SEQUENCE818.modif,retained_intron,860.0,1488.0,628.0,CT_AC,93.68191721132898,1,nan,
SEQUENCE819.modif|827|1145,SEQUENCE819.modif|827|1145,SEQUENCE819.modif,827,1145,54,CT_AC,PASS,SEQUENCE819.modif,retained_intron,827.0,1145.0,318.0,CT_AC,77.72556390977444,1,nan,
SEQUENCE820.modif|143|562,SEQUENCE820.modif|143|562,SEQUENCE820.modif,143,562,9,CT_AC,PASS,SEQUENCE820.modif,retained_intron,143.0,562.0,419.0,CT_AC,36.666666666666664,1,nan,
SEQUENCE822.modif|92|530,SEQUENCE822.modif|92|530,SEQUENCE822.modif,92,530,48,GT_AG,PASS,SEQUENCE822.modif,retained_intron,92.0,530.0,438.0,GT_AG,33.45454545454545,1,nan,
SEQUENCE831.modif|666|1024,SEQUENCE831.modif|666|1024,SEQUENCE831.modif,666,1024,9,GT_AG,PASS,SEQUENCE831.modif,retained_intron,666.0,1024.0,358.0,GT_AG,98.08541973490426,1,nan,
SEQUENCE835.modif|78|818,SEQUENCE835.modif|78|818,SEQUENCE835.modif,78,818,87,GT_AG,PASS,SEQUENCE835.modif,retained_intron,78.0,818.0,740.0,GT_AG,19.21182266009852,1,nan,
SEQUENCE836.modif|91|567,SEQUENCE836.modif|91|567,SEQUENCE836.modif,91,567,35,CT_AC,PASS,SEQUENCE836.modif,retained_intron,91.0,567.0,476.0,CT_AC,10.077519379844961,1,nan,
SEQUENCE837.modif|506|937,SEQUENCE837.modif|506|937,SEQUENCE837.modif,506,937,70,CT_AC,PASS,SEQUENCE837.modif,retained_intron,506.0,937.0,431.0,CT_AC,50.44865403788634,1,nan,
SEQUENCE841.modif|291|894,SEQUENCE841.modif|291|894,SEQUENCE841.modif,291,894,36,GT_AG,PASS,SEQUENCE841.modif,retained_intron,291.0,894.0,603.0,GT_AG,21.863260706235913,1,nan,
SEQUENCE843.modif|837|1139,SEQUENCE843.modif|837|1139,SEQUENCE843.modif,837,1139,1,CT_AC,DP,,,,,,,,nan,1,
SEQUENCE846.modif|487|856,SEQUENCE846.modif|487|856,SEQUENCE846.modif,487,856,47,CT_AC,PASS,SEQUENCE846.modif,retained_intron,487.0,856.0,369.0,CT_AC,55.21541950113379,1,nan,
SEQUENCE849|343|386,SEQUENCE849|343|386,SEQUENCE849,343,386,1,CT_AC,DP,,,,,,,,nan,1,
SEQUENCE852.modif|1030|1537,SEQUENCE852.modif|1030|1537,SEQUENCE852.modif,1030,1537,36,CT_AC,PASS,SEQUENCE852.modif,retained_intron,1030.0,1537.0,507.0,CT_AC,91.71861086375779,1,nan,
SEQUENCE853.modif|671|1396,SEQUENCE853.modif|671|1396,SEQUENCE853.modif,671,1396,36,CT_AC,PASS,SEQUENCE853.modif,retained_intron,671.0,1396.0,725.0,CT_AC,74.22566371681415,1,nan,
SEQUENCE854.modif|460|1088,SEQUENCE854.modif|460|1088,SEQUENCE854.modif,460,1088,63,GT_AG,PASS,SEQUENCE854.modif,retained_intron,460.0,1088.0,628.0,GT_AG,96.43605870020964,1,nan,
SEQUENCE855.modif|354|745,SEQUENCE855.modif|354|745,SEQUENCE855.modif,354,745,61,CT_AC,PASS,SEQUENCE855.modif,retained_intron,354.0,745.0,391.0,CT_AC,29.42643391521197,1,nan,
SEQUENCE855.modif|567|745,SEQUENCE855.modif|567|745,SEQUENCE855.modif,567,745,1,CT_AC,DP,,,,,,,,nan,1,
SEQUENCE857.modif|966|1642,SEQUENCE857.modif|966|1642,SEQUENCE857.modif,966,1642,35,GT_AG,PASS,SEQUENCE857.modif,retained_intron,966.0,1642.0,676.0,GT_AG,82.84734133790738,1,nan,
SEQUENCE858.modif|135|726,SEQUENCE858.modif|135|726,SEQUENCE858.modif,135,726,8,CT_AC,PASS,SEQUENCE858.modif,retained_intron,135.0,726.0,591.0,CT_AC,38.90489913544668,1,nan,
SEQUENCE859.modif|207|896,SEQUENCE859.modif|207|896,SEQUENCE859.modif,207,896,28,GT_AG,PASS,SEQUENCE859.modif,retained_intron,207.0,896.0,689.0,GT_AG,16.27358490566038,1,nan,
SEQUENCE861.modif|491|1124,SEQUENCE861.modif|491|1124,SEQUENCE861.modif,491,1124,66,CT_AC,PASS,SEQUENCE861.modif,retained_intron,491.0,1124.0,633.0,CT_AC,47.577519379844965,1,nan,
SEQUENCE862.modif|423|941,SEQUENCE862.modif|423|941,SEQUENCE862.modif,423,941,48,GT_AG,PASS,SEQUENCE862.modif,retained_intron,423.0,941.0,518.0,GT_AG,71.4527027027027,1,nan,
SEQUENCE863.modif|915|1269,SEQUENCE863.modif|915|1269,SEQUENCE863.modif,915,1269,33,GT_AG,PASS,SEQUENCE863.modif,retained_intron,915.0,1269.0,354.0,GT_AG,83.33333333333334,1,nan,
SEQUENCE864.modif|502|897,SEQUENCE864.modif|502|897,SEQUENCE864.modif,502,897,61,CT_AC,PASS,SEQUENCE864.modif,retained_intron,502.0,897.0,395.0,CT_AC,48.222862632084535,1,nan,
SEQUENCE865.modif|1147|1595,SEQUENCE865.modif|1147|1595,SEQUENCE865.modif,1147,1595,25,GT_AG,PASS,SEQUENCE865.modif,retained_intron,1147.0,1595.0,448.0,GT_AG,93.70915032679738,1,nan,
SEQUENCE868.modif|223|490,SEQUENCE868.modif|223|490,SEQUENCE868.modif,223,490,32,GT_AG,PASS,SEQUENCE868.modif,retained_intron,223.0,490.0,267.0,GT_AG,18.115353371242893,1,nan,
SEQUENCE868.modif|350|495,SEQUENCE868.modif|350|495,SEQUENCE868.modif,350,495,1,GT_AG,DP,,,,,,,,nan,1,
SEQUENCE870.modif|1089|1775,SEQUENCE870.modif|1089|1775,SEQUENCE870.modif,1089,1775,20,GT_AG,PASS,SEQUENCE870.modif,retained_intron,1089.0,1775.0,686.0,GT_AG,95.1923076923077,1,nan,
SEQUENCE871.modif|412|787,SEQUENCE871.modif|412|787,SEQUENCE871.modif,412,787,49,GT_AG,PASS,SEQUENCE871.modif,retained_intron,412.0,787.0,375.0,GT_AG,36.654804270462634,1,nan,
SEQUENCE875.modif|953|1225,SEQUENCE875.modif|953|1225,SEQUENCE875.modif,953,1225,57,GT_AG,PASS,SEQUENCE875.modif,retained_intron,953.0,1225.0,272.0,GT_AG,70.38404726735598,1,nan,
SEQUENCE877.modif|945|1647,SEQUENCE877.modif|945|1647,SEQUENCE877.modif,945,1647,38,CT_AC,PASS,SEQUENCE877.modif,retained_intron,945.0,1647.0,702.0,CT_AC,88.23529411764706,1,nan,
SEQUENCE879.modif|35|784,SEQUENCE879.modif|35|784,SEQUENCE879.modif,35,784,83,GT_AG,PASS,SEQUENCE879.modif,retained_intron,35.0,784.0,749.0,GT_AG,9.138381201044385,1,nan,
SEQUENCE879.modif|428|784,SEQUENCE879.modif|428|784,SEQUENCE879.modif,428,784,3,GT_AG,PASS,,,,,,,,nan,1,
SEQUENCE880.modif|621|986,SEQUENCE880.modif|621|986,SEQUENCE880.modif,621,986,45,CT_AC,PASS,SEQUENCE880.modif,retained_intron,621.0,986.0,365.0,CT_AC,85.6551724137931,1,nan,
SEQUENCE882.modif|615|1214,SEQUENCE882.modif|615|1214,SEQUENCE882.modif,615,1214,68,CT_AC,PASS,SEQUENCE882.modif,retained_intron,615.0,1214.0,599.0,CT_AC,56.061987237921606,1,nan,
SEQUENCE884.modif|213|796,SEQUENCE884.modif|213|796,SEQUENCE884.modif,213,796,39,GT_AG,PASS,SEQUENCE884.modif,retained_intron,213.0,796.0,583.0,GT_AG,15.650257163850108,1,nan,
SEQUENCE885.modif|231|805,SEQUENCE885.modif|231|805,SEQUENCE885.modif,231,805,15,CT_AC,PASS,SEQUENCE885.modif,retained_intron,231.0,805.0,574.0,CT_AC,44.50867052023121,1,nan,
SEQUENCE886.modif|48|316,SEQUENCE886.modif|48|316,SEQUENCE886.modif,48,316,55,GT_AG,PASS,SEQUENCE886.modif,retained_intron,48.0,316.0,268.0,GT_AG,18.11320754716981,1,nan,
SEQUENCE887|371|467,SEQUENCE887|371|467,SEQUENCE887,371,467,1,CT_AC,DP,,,,,,,,nan,1,
SEQUENCE888.modif|367|1036,SEQUENCE888.modif|367|1036,SEQUENCE888.modif,367,1036,34,CT_AC,PASS,SEQUENCE888.modif,retained_intron,367.0,1036.0,669.0,CT_AC,54.20974889217134,1,nan,
SEQUENCE889.modif|197|881,SEQUENCE889.modif|197|881,SEQUENCE889.modif,197,881,53,GT_AG,PASS,SEQUENCE889.modif,retained_intron,197.0,881.0,684.0,GT_AG,23.094958968347008,1,nan,
SEQUENCE890.modif|1083|1754,SEQUENCE890.modif|1083|1754,SEQUENCE890.modif,1083,1754,39,GT_AG,PASS,SEQUENCE890.modif,retained_intron,1083.0,1754.0,671.0,GT_AG,75.57571528262386,1,nan,
SEQUENCE890.modif|1089|1761,SEQUENCE890.modif|1089|1761,SEQUENCE890.modif,1089,1761,1,CT_AC,DP,,,,,,,,nan,1,
SEQUENCE892.modif|213|660,SEQUENCE892.modif|213|660,SEQUENCE892.modif,213,660,10,GT_AG,PASS,SEQUENCE892.modif,retained_intron,213.0,660.0,447.0,GT_AG,52.20588235294118,1,nan,
SEQUENCE896.modif|256|555,SEQUENCE896.modif|256|555,SEQUENCE896.modif,256,555,42,GT_AG,PASS,SEQUENCE896.modif,retained_intron,256.0,555.0,299.0,GT_AG,25.963488843813387,1,nan,
SEQUENCE897.modif|490|926,SEQUENCE897.modif|490|926,SEQUENCE897.modif,490,926,61,CT_AC,PASS,SEQUENCE897.modif,retained_intron,490.0,926.0,436.0,CT_AC,79.28802588996764,1,nan,
SEQUENCE899.modif|108|694,SEQUENCE899.modif|108|694,SEQUENCE899.modif,108,694,33,CT_AC,PASS,SEQUENCE899.modif,retained_intron,108.0,694.0,586.0,CT_AC,26.150121065375302,1,nan,
SEQUENCE900.modif|142|396,SEQUENCE900.modif|142|396,SEQUENCE900.modif,142,396,15,CT_AC,PASS,SEQUENCE900.modif,retained_intron,142.0,396.0,254.0,CT_AC,33.33333333333333,1,nan,
SEQUENCE901.modif|30|404,SEQUENCE901.modif|30|404,SEQUENCE901.modif,30,404,77,GT_AG,PASS,SEQUENCE901.modif,retained_intron,30.0,404.0,374.0,GT_AG,7.772020725388601,1,nan,
SEQUENCE903.modif|142|803,SEQUENCE903.modif|142|803,SEQUENCE903.modif,142,803,56,GT_AG,PASS,SEQUENCE903.modif,retained_intron,142.0,803.0,661.0,GT_AG,20.084865629420083,1,nan,
SEQUENCE905.modif|292|919,SEQUENCE905.modif|292|919,SEQUENCE905.modif,292,919,44,CT_AC,PASS,SEQUENCE905.modif,retained_intron,292.0,919.0,627.0,CT_AC,27.57318224740321,1,nan,
SEQUENCE906.modif|778|1117,SEQUENCE906.modif|778|1117,SEQUENCE906.modif,778,1117,62,GT_AG,PASS,SEQUENCE906.modif,retained_intron,778.0,1117.0,339.0,GT_AG,64.83333333333333,1,nan,
SEQUENCE907.modif|135|395,SEQUENCE907.modif|135|395,SEQUENCE907.modif,135,395,1,CT_AC,DP,SEQUENCE907.modif,retained_intron,135.0,395.0,260.0,CT_AC,48.04270462633452,1,nan,
SEQUENCE909.modif|711|1106,SEQUENCE909.modif|711|1106,SEQUENCE909.modif,711,1106,46,CT_AC,PASS,SEQUENCE909.modif,retained_intron,711.0,1106.0,395.0,CT_AC,60.9254498714653,1,nan,
SEQUENCE913.modif|1079|1403,SEQUENCE913.modif|1079|1403,SEQUENCE913.modif,1079,1403,46,CT_AC,PASS,SEQUENCE913.modif,retained_intron,1079.0,1403.0,324.0,CT_AC,78.75912408759123,1,nan,
SEQUENCE917.modif|123|555,SEQUENCE917.modif|123|555,SEQUENCE917.modif,123,555,34,CT_AC,PASS,SEQUENCE917.modif,retained_intron,123.0,555.0,432.0,CT_AC,13.427947598253276,1,nan,
SEQUENCE918.modif|327|1008,SEQUENCE918.modif|327|1008,SEQUENCE918.modif,327,1008,74,GT_AG,PASS,SEQUENCE918.modif,retained_intron,327.0,1008.0,681.0,GT_AG,82.99492385786802,1,nan,
SEQUENCE921.modif|15|731,SEQUENCE921.modif|15|731,SEQUENCE921.modif,15,731,30,GT_AG,PASS,SEQUENCE921.modif,retained_intron,15.0,731.0,716.0,GT_AG,2.9880478087649402,1,nan,
SEQUENCE922|363|542,SEQUENCE922|363|542,SEQUENCE922,363,542,1,CT_AC,DP,,,,,,,,nan,1,
SEQUENCE924.modif|807|1547,SEQUENCE924.modif|807|1547,SEQUENCE924.modif,807,1547,9,GT_AG,PASS,SEQUENCE924.modif,retained_intron,807.0,1547.0,740.0,GT_AG,97.6997578692494,1,nan,
SEQUENCE925.modif|83|683,SEQUENCE925.modif|83|683,SEQUENCE925.modif,83,683,97,GT_AG,PASS,SEQUENCE925.modif,retained_intron,83.0,683.0,600.0,GT_AG,24.48377581120944,1,nan,
SEQUENCE926.modif|1032|1472,SEQUENCE926.modif|1032|1472,SEQUENCE926.modif,1032,1472,46,GT_AG,PASS,SEQUENCE926.modif,retained_intron,1032.0,1472.0,440.0,GT_AG,76.27494456762749,1,nan,
SEQUENCE928.modif|269|552,SEQUENCE928.modif|269|552,SEQUENCE928.modif,269,552,60,CT_AC,PASS,SEQUENCE928.modif,retained_intron,269.0,552.0,283.0,CT_AC,96.76258992805755,1,nan,
SEQUENCE929.modif|489|1068,SEQUENCE929.modif|489|1068,SEQUENCE929.modif,489,1068,55,CT_AC,PASS,SEQUENCE929.modif,retained_intron,489.0,1068.0,579.0,CT_AC,82.32323232323232,1,nan,
SEQUENCE932.modif|296|586,SEQUENCE932.modif|296|586,SEQUENCE932.modif,296,586,21,GT_AG,PASS,SEQUENCE932.modif,retained_intron,296.0,586.0,290.0,GT_AG,51.03448275862069,1,nan,
SEQUENCE934.modif|119|545,SEQUENCE934.modif|119|545,SEQUENCE934.modif,119,545,46,CT_AC,PASS,SEQUENCE934.modif,retained_intron,119.0,545.0,426.0,CT_AC,15.474642392717817,1,nan,
SEQUENCE935.modif|42|523,SEQUENCE935.modif|42|523,SEQUENCE935.modif,42,523,41,GT_AG,PASS,SEQUENCE935.modif,retained_intron,42.0,523.0,481.0,GT_AG,6.5420560747663545,1,nan,
SEQUENCE938.modif|305|659,SEQUENCE938.modif|305|659,SEQUENCE938.modif,305,659,16,GT_AG,PASS,SEQUENCE938.modif,retained_intron,305.0,659.0,354.0,GT_AG,66.4488017429194,1,nan,
SEQUENCE941.modif|1425|1856,SEQUENCE941.modif|1425|1856,SEQUENCE941.modif,1425,1856,21,CT_AC,PASS,SEQUENCE941.modif,retained_intron,1425.0,1856.0,431.0,CT_AC,95.06337558372249,1,nan,
SEQUENCE942.modif|571|1092,SEQUENCE942.modif|571|1092,SEQUENCE942.modif,571,1092,71,GT_AG,PASS,SEQUENCE942.modif,retained_intron,571.0,1092.0,521.0,GT_AG,84.46745562130178,1,nan,
SEQUENCE945.modif|273|927,SEQUENCE945.modif|273|927,SEQUENCE945.modif,273,927,30,CT_AC,PASS,SEQUENCE945.modif,retained_intron,273.0,927.0,654.0,CT_AC,44.827586206896555,1,nan,
SEQUENCE946.modif|93|703,SEQUENCE946.modif|93|703,SEQUENCE946.modif,93,703,47,GT_AG,PASS,SEQUENCE946.modif,retained_intron,93.0,703.0,610.0,GT_AG,7.914893617021276,1,nan,
SEQUENCE950.modif|139|463,SEQUENCE950.modif|139|463,SEQUENCE950.modif,139,463,52,GT_AG,PASS,SEQUENCE950.modif,retained_intron,139.0,463.0,324.0,GT_AG,21.517027863777088,1,nan,
SEQUENCE953.modif|856|1496,SEQUENCE953.modif|856|1496,SEQUENCE953.modif,856,1496,8,CT_AC,PASS,SEQUENCE953.modif,retained_intron,856.0,1496.0,640.0,CT_AC,95.74944071588367,1,nan,
SEQUENCE954.modif|75|743,SEQUENCE954.modif|75|743,SEQUENCE954.modif,75,743,23,GT_AG,PASS,SEQUENCE954.modif,retained_intron,75.0,743.0,668.0,GT_AG,6.234413965087282,1,nan,
SEQUENCE955.modif|19|566,SEQUENCE955.modif|19|566,SEQUENCE955.modif,19,566,57,GT_AG,PASS,SEQUENCE955.modif,retained_intron,19.0,566.0,547.0,GT_AG,6.070287539936102,1,nan,
SEQUENCE957.modif|262|727,SEQUENCE957.modif|262|727,SEQUENCE957.modif,262,727,33,GT_AG,PASS,SEQUENCE957.modif,retained_intron,262.0,727.0,465.0,GT_AG,21.37030995106036,1,nan,
SEQUENCE958.modif|98|583,SEQUENCE958.modif|98|583,SEQUENCE958.modif,98,583,40,CT_AC,PASS,SEQUENCE958.modif,retained_intron,98.0,583.0,485.0,CT_AC,9.79020979020979,1,nan,
SEQUENCE960.modif|314|1054,SEQUENCE960.modif|314|1054,SEQUENCE960.modif,314,1054,37,CT_AC,PASS,SEQUENCE960.modif,retained_intron,314.0,1054.0,740.0,CT_AC,48.45679012345679,1,nan,
SEQUENCE962.modif|219|964,SEQUENCE962.modif|219|964,SEQUENCE962.modif,219,964,33,GT_AG,PASS,SEQUENCE962.modif,retained_intron,219.0,964.0,745.0,GT_AG,34.92822966507177,1,nan,
SEQUENCE965.modif|442|1154,SEQUENCE965.modif|442|1154,SEQUENCE965.modif,442,1154,55,GT_AG,PASS,SEQUENCE965.modif,retained_intron,442.0,1154.0,712.0,GT_AG,53.640776699029125,1,nan,
SEQUENCE966.modif|127|710,SEQUENCE966.modif|127|710,SEQUENCE966.modif,127,710,37,CT_AC,PASS,SEQUENCE966.modif,retained_intron,127.0,710.0,583.0,CT_AC,15.155131264916468,1,nan,
SEQUENCE968.modif|179|827,SEQUENCE968.modif|179|827,SEQUENCE968.modif,179,827,1,CT_AC,DP,SEQUENCE968.modif,retained_intron,179.0,827.0,648.0,CT_AC,61.512027491408936,1,nan,
SEQUENCE971.modif|259|944,SEQUENCE971.modif|259|944,SEQUENCE971.modif,259,944,74,GT_AG,PASS,SEQUENCE971.modif,retained_intron,259.0,944.0,685.0,GT_AG,80.18575851393189,1,nan,
SEQUENCE972.modif|964|1372,SEQUENCE972.modif|964|1372,SEQUENCE972.modif,964,1372,35,GT_AG,PASS,SEQUENCE972.modif,retained_intron,964.0,1372.0,408.0,GT_AG,91.98473282442748,1,nan,
SEQUENCE973.modif|282|593,SEQUENCE973.modif|282|593,SEQUENCE973.modif,282,593,17,CT_AC,PASS,SEQUENCE973.modif,retained_intron,282.0,593.0,311.0,CT_AC,58.995815899581594,1,nan,
SEQUENCE976|304|639,SEQUENCE976|304|639,SEQUENCE976,304,639,1,GT_AG,DP,,,,,,,,nan,1,
SEQUENCE977.modif|235|866,SEQUENCE977.modif|235|866,SEQUENCE977.modif,235,866,53,CT_AC,PASS,SEQUENCE977.modif,retained_intron,235.0,866.0,631.0,CT_AC,27.453271028037385,1,nan,
SEQUENCE978.modif|966|1279,SEQUENCE978.modif|966|1279,SEQUENCE978.modif,966,1279,34,CT_AC,PASS,SEQUENCE978.modif,retained_intron,966.0,1279.0,313.0,CT_AC,84.88576449912127,1,nan,
SEQUENCE979.modif|341|790,SEQUENCE979.modif|341|790,SEQUENCE979.modif,341,790,39,GT_AG,PASS,SEQUENCE979.modif,retained_intron,341.0,790.0,449.0,GT_AG,77.85388127853882,1,nan,
SEQUENCE984.modif|35|494,SEQUENCE984.modif|35|494,SEQUENCE984.modif,35,494,68,GT_AG,PASS,SEQUENCE984.modif,retained_intron,35.0,494.0,459.0,GT_AG,10.204081632653061,1,nan,
SEQUENCE986.modif|14|282,SEQUENCE986.modif|14|282,SEQUENCE986.modif,14,282,19,CT_AC,PASS,SEQUENCE986.modif,retained_intron,14.0,282.0,268.0,CT_AC,2.5044722719141324,1,nan,
SEQUENCE987.modif|770|1023,SEQUENCE987.modif|770|1023,SEQUENCE987.modif,770,1023,39,GT_AG,PASS,SEQUENCE987.modif,retained_intron,770.0,1023.0,253.0,GT_AG,73.8255033557047,1,nan,
SEQUENCE987.modif|778|1032,SEQUENCE987.modif|778|1032,SEQUENCE987.modif,778,1032,1,GT_AG,DP,,,,,,,,nan,1,
SEQUENCE992.modif|22|675,SEQUENCE992.modif|22|675,SEQUENCE992.modif,22,675,55,GT_AG,PASS,SEQUENCE992.modif,retained_intron,22.0,675.0,653.0,GT_AG,5.152224824355972,1,nan,
SEQUENCE999.modif|290|1017,SEQUENCE999.modif|290|1017,SEQUENCE999.modif,290,1017,16,GT_AG,PASS,SEQUENCE999.modif,retained_intron,290.0,1017.0,727.0,GT_AG,67.5990675990676,1,nan,
SEQUENCE1000.modif|212|777,SEQUENCE1000.modif|212|777,SEQUENCE1000.modif,212,777,41,CT_AC,PASS,SEQUENCE1000.modif,retained_intron,212.0,777.0,565.0,CT_AC,33.597464342313785,1,nan,
